code,product_name,quantity,country,ingredients,allergens,additives,nutriscore_score,nutriscore_grade,energy-kcal_100g,energy_100g,fat_100g,saturated-fat_100g,sugars_100g,fiber_100g,proteins_100g,salt_100g,sodium_100g,image_url,image_ingredients_url,image_nutrition_url
20621445,Spécial Flakes chocolat noir,425,"België,Frankrijk,Spanje","_blé_ complet 48%, riz 32%, chocolat 18% (sucre, pâte de cacao, beurre de cacao, beurre concentré (contient du _lait_), cacao maigre en poudre émulsifiant (lécithine de tournesol)), sucre, sirop de sucre inverti, extrait de malt d'_orge_, sel de cuisine, sirop de glucose  Chocolat à teneur en cacao 51% minimum,","en:gluten,en:milk","en:e322,en:e322i",8,c,405,1695,7,4,18,7,9,0,0,https://static.openfoodfacts.org/images/products/20621445/front_fr.139.400.jpg,https://static.openfoodfacts.org/images/products/20621445/ingredients_fr.73.400.jpg,https://static.openfoodfacts.org/images/products/20621445/nutrition_fr.34.400.jpg
3760099519025,CEREALES MACA OMEGA SANS GLUTEN,25,"Francia,España","Dattes&quot;, graines de tournesol&quot;, de sésame de courge*, miel¨, maca (1000mg), graines de chanvre&quot;, de lin&quot;, de pavot&quot;, jus de pomme&quot;, vanille&quot;, antioxydant : acide ascorbique.",,en:e300,10,c,491,2054,31,4,31,10,16,0,0,https://static.openfoodfacts.org/images/products/376/009/951/9025/front_fr.6.400.jpg,https://static.openfoodfacts.org/images/products/376/009/951/9025/ingredients_fr.12.400.jpg,https://static.openfoodfacts.org/images/products/376/009/951/9025/nutrition_fr.16.400.jpg
41415098053,"Publix, instant oatmeal, maple & brown sugar",20,United States,"Whole grain rolled oats, sugar, natural and artificial flavors, salt, guar gum, caramel color, sucralose (splenda brand). vitamins and minerals: calcium carbonate (a source of calcium), niacinamide*, reduced iron, vitamin a palmitate, pyridoxine hydrochloride*, riboflavin*, thiamine mononitrate*, folic acid*, vitamin d.",,"en:e150c,en:e412,en:e955",9,c,353,1477,6,0,12,9,12,2,1,https://static.openfoodfacts.org/images/products/004/141/509/8053/front_en.4.400.jpg,https://static.openfoodfacts.org/images/products/004/141/509/8053/ingredients_en.6.400.jpg,
4061458026017,Blätterteig / Pâte feuilletée,275,Deutschland,"Weizenmehl, Palmfett, Trinkwasser, Rapsöl, Ethylalkohol, Zucker, Speisesalz, Säuerungsmittel: Citronensäure.",en:gluten,"en:e1510,en:e330",18,d,424,1774,30,16,2,0,5,1,0,https://static.openfoodfacts.org/images/products/406/145/802/6017/front_de.22.400.jpg,https://static.openfoodfacts.org/images/products/406/145/802/6017/ingredients_de.20.400.jpg,
29019984,Fideos Orientales,250,Deutschland,"_Weizenmehl_, Salz, Säureregulatoren: Kaliumcarbonat",en:gluten,"en:e501,en:e501i",-1,a,363,1519,1,0,3,0,11,0,0,https://static.openfoodfacts.org/images/products/29019984/front_de.10.400.jpg,https://static.openfoodfacts.org/images/products/29019984/ingredients_de.11.400.jpg,https://static.openfoodfacts.org/images/products/29019984/nutrition_de.76.400.jpg
29066704,Flammkuchenteig,540,en:Germany,"_Weizenmehl_, Wasser, pflanzliches Fett (Palm), pflanzliches Öl (Raps), Ethylalkohol, _Weizenstärke_, Dextrose, Speisesalz, Säuerungsmittel: Citronensäure; Emulgator: Mono - und Diglyceride von Speisefettsäuren; Antioxidationsmittel: Ascorbinsäure.",en:gluten,"en:e1510,en:e300,en:e330,en:e471",17,d,372,1556,23,12,1,0,6,1,0,https://static.openfoodfacts.org/images/products/29066704/front_de.4.400.jpg,https://static.openfoodfacts.org/images/products/29066704/ingredients_de.7.400.jpg,https://static.openfoodfacts.org/images/products/29066704/nutrition_de.10.400.jpg
4311501640975,KNUSPER Müsli Heidelbeer Joghurt,500,en:Germany,"Knuspermüsli (_Hafervollkornflocken_, Getreide-Extrudat (_Weizenmehl_, Maisstärke, _Weizenmalzmehl_, Reismehl, Speisesalz, _Gerstenmalzmehl_, _Weizenmalzmehl_), Oligofruktosesirup, Zucker, Palmfett, Speisesalz), Hei - delbeer-Knuspermüsli (_Hafervollkornflocken_, Zucker, Getreide-Extrudat (_Hafervollkornflocken_, _Weizenmehl_, Zucker, _Gerstenmalzextrakt_, Speise - salz), Palmfett, Heidelbeersaftkonzentrat, Säuerungsmittel: Citronensäure; Speisesalz), getrocknete, gesüßte und aromatisierte Heidelbeeren (Heidelbeeren, Apfelsaftkonzentrat, Sonnenblumenöl, natürliches Aroma), Cornflakes mit magermilchjoghurthaltigem Fettüberzug (Zucker, pflanzliche Fette (Palm, Palmkern), Cornflakes (Mais, Zucker, Gerstenmalzextrakt Emulgator: Lecithine), _Laktose_, _Magermilchjoghurtpulver_, Emulgator: Lecithine), weiße Schokoladenstücke mit Joghurtgeschmack (Zucker, Kakaobutter, _Vollmilchpulver_, _Magermilchjoghurtpulver_, Emulgator: Lecithine), getrocknete gezuckerte Cranberries (Cranberries, Zucker, Traubensaftkonzentrat, Heidelbeersaftkonzentrat, Sonnenblumenöl).","en:gluten,en:milk","en:e322,en:e330",11,d,426,1782,13,6,19,12,10,0,0,https://static.openfoodfacts.org/images/products/431/150/164/0975/front_de.3.400.jpg,https://static.openfoodfacts.org/images/products/431/150/164/0975/ingredients_de.5.400.jpg,https://static.openfoodfacts.org/images/products/431/150/164/0975/nutrition_de.8.400.jpg
4001163000506,Eierspätzle,400,"Deutschland,en:germany","_Weizenmehl_, Trinkwasser, 18% _Vollei_*, Speisesalz, Rapsöl, Säuerungsmittel: Citronensäure, Gewürzextrakt. * (Eier aus Bodenhaltung).","en:eggs,en:gluten",en:e330,3,c,164,686,3,1,1,2,6,1,0,https://static.openfoodfacts.org/images/products/400/116/300/0506/front_de.3.400.jpg,https://static.openfoodfacts.org/images/products/400/116/300/0506/ingredients_de.11.400.jpg,https://static.openfoodfacts.org/images/products/400/116/300/0506/nutrition_de.16.400.jpg
9120003413520,Frischer Dinkel-Blätterteig,270,Deutschland,"46 % Dinkelmehl: Palmfett; Trinkwasser; Ethylalkohol; Dinkelkleber; Dinkelquellstärke; Rapsöl; Zucker, Speisesalz Sauerungsmittel: Citronensäure; Antioxidationsmittel: Ascorbinsäure.",,"en:e1510,en:e300,en:e330",16,d,403,1686,24,13,2,2,8,1,0,https://static.openfoodfacts.org/images/products/912/000/341/3520/front_de.7.400.jpg,https://static.openfoodfacts.org/images/products/912/000/341/3520/ingredients_de.10.400.jpg,https://static.openfoodfacts.org/images/products/912/000/341/3520/nutrition_de.19.400.jpg
837328000050,Organic ramen,270,"France, Germany, en:australia","_Farine de Blé_ 97%, Sel 2%, Sels (E500, E501), Eau.",en:gluten,"en:e500,en:e501",10,c,313,1310,1,0,0,3,13,2,1,https://static.openfoodfacts.org/images/products/083/732/800/0050/front_fr.16.400.jpg,https://static.openfoodfacts.org/images/products/083/732/800/0050/ingredients_fr.18.400.jpg,https://static.openfoodfacts.org/images/products/083/732/800/0050/nutrition_fr.28.400.jpg
8710100127003,Quaker Cruesli Fruita,375,"Francia,España","Copos de avena integral (29%), trigo integral (17%), jarabe de glucosa, azúcar, aceites vegetales (aceite de girasol, aceite de coco), coco seco (5,3%), plátano seco (3,8%), oligofructosa, pasas (2,8%), papaya seca (2,2%), piña seca (1,7%), manzana seca (1,3%), harina de arroz (1,3%), harina de trigo (1,1%), humectante (glicerol), miel, colorante (caramelo natural), aromas, antioxidante (tocoferol), acidulante (ácido cítrico), conservante (dióxido sulfuroso). Este producto se fabrica en una fábrica que también usa leche, frutos secos, soja, sésamo y cacahuetes.","en:gluten,en:nuts,en:peanuts,en:sesame-seeds,en:soybeans","en:e150a,en:e330,en:e422",8,c,440,1841,15,4,19,7,6,0,0,https://static.openfoodfacts.org/images/products/871/010/012/7003/front_es.8.400.jpg,https://static.openfoodfacts.org/images/products/871/010/012/7003/ingredients_es.22.400.jpg,https://static.openfoodfacts.org/images/products/871/010/012/7003/nutrition_es.31.400.jpg
8710398161499,Cruesli chocolate,500,"Belgique,France","flocons d'avoine complets (37%), chocolat noir* ** (12%) [cacao, sucre, arôme naturel de vanille, émulsifiants (_lécithine de soja_, polyglycerol polyricinoleate), huile de tournesol, sucre, _blé complet_ (9,6%), sirop de glucose, oligofructose (extrait de racine de chocorée), farine de riz (2,1%), farine de _blé_ (1,9%), noix de coco séchée, mélasse, sel, cannelle, sucre caramélisé, arômes, antioxydant (tocophérol).","en:gluten,en:soybeans","en:e307c,en:e322,en:e322i,en:e476",9,c,455,1904,19,5,16,10,8,1,0,https://static.openfoodfacts.org/images/products/871/039/816/1499/front_en.6.400.jpg,https://static.openfoodfacts.org/images/products/871/039/816/1499/ingredients_en.9.400.jpg,
3168930010906,Cruesli chocolat noir,450,"Belgique,France,Polynésie française,Nouvelle-Calédonie,La Réunion,Suisse","_Avoine_ complète 37%, chocolat noir 12% [cacao, sucre, arôme naturel de vanille,  émulsifiants (lécithine de _soja_, polyglycerol polyricinoleate)], huile de tournesol, sucre, _blé_ complet 9.6%, sirop de glucose, oligofructose, farines de riz et _blé_ 1.9%, noix de coco séchée, mélasse, sel, cannelle, sucre caramélisé, arômes, antioxydant.","en:gluten,en:soybeans,fr:avoine","en:e322,en:e322i,en:e476",9,c,478,1906,19,5,16,10,8,0,0,https://static.openfoodfacts.org/images/products/316/893/001/0906/front_fr.50.400.jpg,https://static.openfoodfacts.org/images/products/316/893/001/0906/ingredients_fr.48.400.jpg,https://static.openfoodfacts.org/images/products/316/893/001/0906/nutrition_fr.49.400.jpg
3168930010869,Cruesli Chocolat noir,900,"fr:Frankrijk, en:switzerland","_Avoine_ complète (37%), chocolat noir (12%) [cacao. sucre, arôme naturel de vanille, émulsifiants (lécithine de soja, polyglycerol polyricinoleate)] , huile de tournesol, sucre, _blé_ complet (9.6%) sirop de glucose, oligofructose, farines de riz et _blé_ (1.9%), noix de coco séchée, mélasse, sel, cannelle, sucre caramélisé, arômes,  antioxydant (tocopherol)","en:gluten,en:soybeans,fr:avoine","en:e307c,en:e322,en:e322i,en:e476",9,c,455,1906,19,5,16,10,8,0,0,https://static.openfoodfacts.org/images/products/316/893/001/0869/front_fr.40.400.jpg,https://static.openfoodfacts.org/images/products/316/893/001/0869/ingredients_fr.25.400.jpg,https://static.openfoodfacts.org/images/products/316/893/001/0869/nutrition_fr.17.400.jpg
3222475413469,P'tites Billes Miel,375,France,"Céréales 83 % (semoule de maïs 43.5 % - farine de _blé_ 39.5 %) - sucre - miel 5% - sel - antiagglomérant : carbonate de calcium - arôme naturel - colorants : rocou, caroténoïdes mélangés - caramel (sucre - eau) - sirop de sucre caramélisé - vitamines : B1, B2, B5, B6, B9, B12, H, PP et ferTraces d'arachide, soja, lait, fruits à coque et graines de sésame.","en:gluten,en:milk,en:nuts,en:sesame-seeds,en:soybeans","en:e150,en:e160a,en:e160b,en:e170,en:e170i",9,c,380,1612,1,0,25,3,7,1,0,https://static.openfoodfacts.org/images/products/322/247/541/3469/front_fr.16.400.jpg,https://static.openfoodfacts.org/images/products/322/247/541/3469/ingredients_fr.17.400.jpg,https://static.openfoodfacts.org/images/products/322/247/541/3469/nutrition_fr.18.400.jpg
3560070800209,Cereales coeur fondant noisette&chocolat,375,France,"Céréales 53,4 % (farine de _blé_, riz, _avoine_, son de _blé_), fourrage aux _noisettes_ et au chocolat 35 % [(sucre de canne, _noisettes_ 5,2 %, huile de tournesol, _lait_ écrémé, cacao maigre en poudre), chocolat noir 2,1 % (pâte de cacao, sucre de canne, beurre de cacao, émulsifiant : lécithines de tournesol, extrait de vanille)], sucre de canne, caramel (sucre, eau), sel de mer, émulsifiant : carbonate de calcium.","en:gluten,en:milk,en:nuts,fr:avoine,fr:avoine","en:e322,en:e322i",9,c,421,1761,12,3,29,7,9,0,0,https://static.openfoodfacts.org/images/products/356/007/080/0209/front_fr.75.400.jpg,https://static.openfoodfacts.org/images/products/356/007/080/0209/ingredients_fr.33.400.jpg,https://static.openfoodfacts.org/images/products/356/007/080/0209/nutrition_fr.77.400.jpg
8480000095473,Cereales rellenos de crema de cacao y avellana,400,Spain,"Masa cobertura (60%) (harina de maíz (25,2%), harina de arroz (19,1%), azúcar, cacao en polvo (6%), sal, gasificante (carbonato ácido de sodio)), relleno crema de cacao (40%) (azúcar, aceite de girasol, cacao en polvo desgrasado (4%), pasta de _avellanas_ (1,6%), pasta de cacao (0,8%), aroma de _avellanas_ y vainilla, emulgente (lecitina de girasol), antioxidante (tocoferol).",en:nuts,"en:e322,en:e500,en:e500ii",12,d,461,1936,17,3,24,2,6,0,0,https://static.openfoodfacts.org/images/products/848/000/009/5473/front_es.3.400.jpg,https://static.openfoodfacts.org/images/products/848/000/009/5473/ingredients_es.18.400.jpg,https://static.openfoodfacts.org/images/products/848/000/009/5473/nutrition_es.21.400.jpg
3700214618004,Boisson riz quinoa cacao,1,France,"Eau, riz Thai* 10%, quinoa* 5%, sucre de canne*, cacao* en poudre 1,5%, huile de tournesol* pressée à froid, épaississant: farine de graines de caroube*, sel marin.",,en:e410,0,b,73,305,1,0,2,1,1,0,0,https://static.openfoodfacts.org/images/products/370/021/461/8004/front_fr.3.400.jpg,https://static.openfoodfacts.org/images/products/370/021/461/8004/ingredients_fr.16.400.jpg,https://static.openfoodfacts.org/images/products/370/021/461/8004/nutrition_fr.31.400.jpg
3560071161507,Pâte à Pizza,260,"France, en:belgium","Farine de blé 61%, eau, huile de colza, alcool éthylique, sel, poudres à lever : diphosphates et carbonates de sodium, stabilisant : gomme guar, levure désactivée, levure boulangère sèche. Peut contenir des traces de lait.",en:gluten,"en:e1510,en:e412,en:e450,en:e450i,en:e500",10,c,306,1229,7,1,1,2,7,2,1,https://static.openfoodfacts.org/images/products/356/007/116/1507/front_fr.4.400.jpg,https://static.openfoodfacts.org/images/products/356/007/116/1507/ingredients_fr.7.400.jpg,https://static.openfoodfacts.org/images/products/356/007/116/1507/nutrition_fr.11.400.jpg
5010029204735,Minis choco,450,"Belgien,Frankreich,Deutschland,Niederlande,Spanien","Blé complet (84 %), sucre, chocolat (12 %) [sucre, pâte de cacao, beurre de cacao, émulsifiant : lécithine de soja, arôme], sel, arôme, fer, niacine (Vitamine B3), thiamine (Vitamine B1), riboflavine (Vitamine B2), acide folique (Vitamine B9).","en:gluten,en:soybeans","en:e322,en:e322i",0,b,391,1636,5,3,21,9,10,0,0,https://static.openfoodfacts.org/images/products/501/002/920/4735/front_fr.46.400.jpg,https://static.openfoodfacts.org/images/products/501/002/920/4735/ingredients_fr.53.400.jpg,https://static.openfoodfacts.org/images/products/501/002/920/4735/nutrition_fr.48.400.jpg
8690828647437,instant noodle,70,en:Canada,"gredients: Noodle:Wheat Flour, Edible Vegetable Oll(Palni, Sat, Adty Regulator(Potassium Carbonate), stor (5odium Polphnsosphate, Gum (Guargum),Flour Treatment Agent (Sodium Carbanate Seasoning Powder:Salt, Flavour Enha Spices, Sunflower Ol, Addity Regulator(Ciic acd Ingrediente: Contenido de fideos instantine , Vitamin 82 (Riboflavin) ncerMonasadum Gutamate), Sugar, Ravoring Substancen Roast Flavou), Hored",,"en:e501,en:e501i",15,d,408,1707,4,2,1,1,2,2,1,https://static.openfoodfacts.org/images/products/869/082/864/7437/front_en.4.400.jpg,https://static.openfoodfacts.org/images/products/869/082/864/7437/ingredients_en.7.400.jpg,https://static.openfoodfacts.org/images/products/869/082/864/7437/nutrition_en.10.400.jpg
3222476297174,Pâte feuilletée au beurre,230,France,"Farine de _blé_ - eau - _beurre_ concentré 19,5% - alcool éthylique - sel - jus de citron concentré - agent de traitement de la farine : l-cystéine.","en:gluten,en:milk","en:e1510,en:e920",17,d,381,1591,20,14,2,1,6,1,0,https://static.openfoodfacts.org/images/products/322/247/629/7174/front_fr.10.400.jpg,https://static.openfoodfacts.org/images/products/322/247/629/7174/ingredients_fr.12.400.jpg,https://static.openfoodfacts.org/images/products/322/247/629/7174/nutrition_fr.34.400.jpg
8410184800150,Brillante Arroz integral,250,España,"Arroz integral cocido 97 % (arroz integral, agua), aceite de girasol, sal, emulgente: lecitina de girasol.",,en:e322,-2,a,170,718,3,1,0,3,4,0,0,https://static.openfoodfacts.org/images/products/841/018/480/0150/front_es.36.400.jpg,https://static.openfoodfacts.org/images/products/841/018/480/0150/ingredients_es.39.400.jpg,https://static.openfoodfacts.org/images/products/841/018/480/0150/nutrition_es.42.400.jpg
3240931543536,"Champignon, cepes et truffes d’ete",250,France,"Farce (70%) : ricotta au lait de bufflonne 12% (lactoserum du lait de bufflonne, lait de bufflonne, sel, correcteur d'acidité : acide citrique), ricotta 12% (lactoserum, lait, sel, correcteurs d'acidité : acide citrique, acide lactique), beurre, champignons sautés 9,8%   [champignons de Paris 3,6%, cèpes 2,5%, oignons, huile de tournesol, persil, sel, cèpes séchés, poivre, ail], chapelure (farine de blé, sel, levure), crème, lactose, Grana Padano AOP (conservateur : lysozyme d'œufs), sel, truffe dété 1 % (Tuber aestivum), cèpes  séchés 0, 1%, arôme naturel. Pâte (30%) : farine de blé tendre 17, 1%, œufs 8,55% (soit 398g1kg de farine et semoule), semoule de blé dur 4,4%","en:eggs,en:gluten,en:milk","en:e1105,en:e270,en:e330",21,e,316,1322,19,11,3,0,9,2,1,https://static.openfoodfacts.org/images/products/324/093/154/3536/front_fr.17.400.jpg,https://static.openfoodfacts.org/images/products/324/093/154/3536/ingredients_fr.7.400.jpg,https://static.openfoodfacts.org/images/products/324/093/154/3536/nutrition_fr.12.400.jpg
8422410518739,Musli fruita seca,112,España,"Cereals (59 %) [flocs de civada integral (42 %), flocs de blat integral (7 %), farina de blat, cereals extrudits (farina d'arròs, farina de blat), sucre, farina de malta d'ordi, sal, sucre caramel-litzat en pols), flocs de blat de moro (blat de moro, sucre, extracte de malta d'ordi, sal, emulgents (monoglicèrids i diglicèrids dels àcids grassos))], fruita seca (27,5 %) [panses (panses, oli refinat de gira-sol), plàtans ensucrats aromatitzats (plàtans, greix de coco, sucre, aroma), cocos torrats, papaies ensucrades (papaies i sucre), pinyes ensucrades (pinyes, sucre, corrector d'acidesa (àcid cítric)), pomes dessecades i coco en pols], sucre, greix vegetal de palma, xarop de glucosa, sal, aroma i caramel (sucre i aigua).",,en:e330,21,e,455,1904,17,10,23,0,8,1,0,https://static.openfoodfacts.org/images/products/842/241/051/8739/front_ca.51.400.jpg,https://static.openfoodfacts.org/images/products/842/241/051/8739/ingredients_ca.21.400.jpg,https://static.openfoodfacts.org/images/products/842/241/051/8739/nutrition_ca.73.400.jpg
3368952200167,Muesli croustillant chocolat noir fruits rouges,500,France,"Céréales 67% [flocons d'avoine, farine d'avoine, céréales extrudées (farine de riz, farine de blé, sucre, farine de malt de blé, sel, sucre caramélisé en poudre)], sucre, chocolat noir 10% (sucre, pâte de cacao, beurre de cacao, matière grasse laitière anhydre, émulsifiant : lécithine de tournesol, arôme), huile de tournesol (huile de tournesol, antioxydant : extrait riche en tocophérols), fruits rouges lyophilisés 3% (fraises, myrtilles, mûres), miel, maltodextrine, sel, arôme, caramel (sucre, eau). traces éventuelles de soja et de fruits à coque.","en:gluten,en:milk,en:soybeans,fr:avoine","en:e306,en:e322,en:e322i",8,c,459,1926,17,3,21,6,8,0,0,https://static.openfoodfacts.org/images/products/336/895/220/0167/front_fr.57.400.jpg,https://static.openfoodfacts.org/images/products/336/895/220/0167/ingredients_fr.59.400.jpg,https://static.openfoodfacts.org/images/products/336/895/220/0167/nutrition_fr.61.400.jpg
20223120,Müsli Riegel,200,"Österreich,Tschechien,Frankreich,Deutschland","_Hafervollkornflocken_ 31 %, Vollmilchschokolade 14% ( Zucker, Kakaobutter, _Vollmilchpulver_, Kakaomasse, Emulgator: Lecithine), Weizen-Schoko-Extrudat (_Weizenmehl_, Zucker, fettarmes Kakaopulver, _Weizenstärke_, _Gerstenmalzextrakt_ ), Glukosesirup, Glukose-Fruktose-Sirup, Weizen-Extrudat (_Weizenvollkornmehl_), Zartbitterschokoladentropfen 3% (Kakaomasse, Zucker, fettarmes Kakaopulver, Kakaobutter, Emulgator: Lecithine), Sonnenblumenöl, Kakaomasse, gezuckerte Kondensmilch (_Vollmilch_, Zucker), Feuchthaltemittel: Glycerin, Emulgator: Lecithine, natürliches Aroma.","en:gluten,en:milk","en:e322,en:e422",9,c,408,1716,12,5,26,6,8,0,0,https://static.openfoodfacts.org/images/products/20223120/front_de.16.400.jpg,https://static.openfoodfacts.org/images/products/20223120/ingredients_de.10.400.jpg,https://static.openfoodfacts.org/images/products/20223120/nutrition_de.13.400.jpg
4038635000108,Ökokloßteig,750,Deutschland,"Speisekartoffeln roh, Speisekartoffeln gekocht, Kartoffelstärkemehl, Trinkwasser, Speisesalz, Säuerungsmittel: Zitronensäure",,en:e330,4,c,210,471,0,0,0,0,2,1,0,https://static.openfoodfacts.org/images/products/403/863/500/0108/front_de.6.400.jpg,https://static.openfoodfacts.org/images/products/403/863/500/0108/ingredients_de.8.400.jpg,https://static.openfoodfacts.org/images/products/403/863/500/0108/nutrition_de.9.400.jpg
3111902100020,Muesli bio croustillant 3 chocolats,375,France,"Céréales 57,4% (flocons d'_avoine_ complets 47,3%, riz complet), sucre de canne, chocolat 10% [chocolat noir 4% (pâte de cacao, sucre de canne, beurre de cacao), chocolat blanc 3,5% (sucre de canne, beurre de cacao, _lait_ entier en poudre), chocolat au _lait_ 2,5% (sucre de canne, beurre de cacao, _lait_ entier en poudre, pâte de cacao)], huile de tournesol (tournesol, antioxydant : extrait de romarin), noix de coco râpée, sirop de riz, cacao maigre en poudre.","en:milk,fr:avoine",en:e392,10,c,474,1986,21,7,19,8,8,0,0,https://static.openfoodfacts.org/images/products/311/190/210/0020/front_fr.34.400.jpg,https://static.openfoodfacts.org/images/products/311/190/210/0020/ingredients_fr.36.400.jpg,https://static.openfoodfacts.org/images/products/311/190/210/0020/nutrition_fr.39.400.jpg
5050083251146,Special k chocolat au lait,300,"France, en:belgium","Riz (39%), _Blé_ complet (28%), Chocolat au _lait_ (16%) (Sucre, Pâte de cacao, Beurre de cacao, _Lait_ entier en poudre, _lait_ écrémé en poudre, Émulsifiant {Lécithine de _soja_}, Arôme), Sucre, _Orge_ (6,5%), Farine d'_orge_ maltée, Arôme de malt d'_orge_, Sel.  Vitamines et Minéraux : Vitamines (Niacine, 32,81, 36, Acide folique, D, 812), Fer et Zinc.","en:gluten,en:milk,en:soybeans","en:e322,en:e322i",9,c,396,1657,6,3,22,4,9,1,0,https://static.openfoodfacts.org/images/products/505/008/325/1146/front_fr.37.400.jpg,https://static.openfoodfacts.org/images/products/505/008/325/1146/ingredients_fr.39.400.jpg,https://static.openfoodfacts.org/images/products/505/008/325/1146/nutrition_fr.25.400.jpg
7613034947611,Chocapic (Maxi 750G),750,"France,Suisse","blé complet 33,5%, chocolat en poudre 22,8% (sucre, cacao en poudre), farine de blé 16,8%, semoule de mais, sirop de glucose, sucre, extrait de malt d'orge (orge, orge malté), huile de tournesol, carbonate de calcium, émulsifiant : lécithine de tournesol; sel, arômes naturels, fer, vitamines B3, B5, D, B6, B1, B2 et B9.",en:gluten,"en:e322,en:e322i",0,b,366,1625,5,1,25,8,9,0,0,https://static.openfoodfacts.org/images/products/761/303/494/7611/front_fr.93.400.jpg,https://static.openfoodfacts.org/images/products/761/303/494/7611/ingredients_fr.94.400.jpg,https://static.openfoodfacts.org/images/products/761/303/494/7611/nutrition_fr.95.400.jpg
7613034626844,Chocapic,430,"Belgium,France,Guadeloupe,Réunion,Spain,Switzerland","_blé_ complet 33,5%, chocolat en poudre 22,8% (sucre, cacao en poudre), farine de _blé_ 16,8%, semoule de maïs, sirop de glucose, sucre, extrait de malt d'_orge_ (orge, orge malté), huile de tournesol, carbonate de calcium, émulsifiant : lécithine de tournesol; sel, arômes naturels, fer, vitamines B3, B5, D, B6, B1, B2 et B9.",en:gluten,"en:e322,en:e322i",0,b,385,1625,5,1,25,8,9,0,0,https://static.openfoodfacts.org/images/products/761/303/462/6844/front_fr.144.400.jpg,https://static.openfoodfacts.org/images/products/761/303/462/6844/ingredients_fr.129.400.jpg,https://static.openfoodfacts.org/images/products/761/303/462/6844/nutrition_fr.139.400.jpg
89686170726,IndoMie Mi Goreng Fried Noodles,85,"Australia, France, Indonesia","noodles : wheat flour (62%), refined palm oil (contains antioxidant 319), salt, acidity regulators (451, 501, 500), thickener (412), colour (101), seasoning powder: salt, sugar, flavour enhancers (621, 631, 627), garlic powder, onion powder, yeast extract, artificial flavour, pepper, anticaking agent (551), seasoning oil: refined palm oil (contains antioxidant 319), onion, sweet soy sauce: sugar, water, salt, wheat, soy bean, spices, sesame oil, chilli sauce: chilli, water, sugar, salt, tapioca starch, acidity regulators (260, 330), herbs, flavour enhancers (621, 627,e631), flavours, preservatives (211, 223), fried onion: onion, refined palm oil (contains antioxidant 319),  allergen:    contains wheat, contains sesame, contains soy","en:gluten,en:sesame-seeds,en:soybeans","en:e101,en:e211,en:e223,en:e260,en:e319,en:e330,en:e412,en:e451,en:e500,en:e501,en:e551,en:e621,en:e627,en:e631",0,b,240,1004,10,4,4,0,5,0,0,https://static.openfoodfacts.org/images/products/008/968/617/0726/front_en.3.400.jpg,,https://static.openfoodfacts.org/images/products/008/968/617/0726/nutrition_en.14.400.jpg
4897878000012,Nissin Demae Ramen with Sesame Oil,100,United States,"noodles:  wheat  flour, palm oil, salt, potassium carbonate, sodium tripolyphosphate, sodium carbonate, sodium hexametaphosphate, alginic acid, sodium phosphate, guar gum, tocopherols, ascorbyl palmitate,  soup base: salt,  soy  sauce powder ( soybeans ,  wheat , salt), sugar, monosodium glutamate, caramel color, autolyzed yeast extract, hydrolyzed  soy  protein, garlic powder, dehydrated green onion, white pepper powder, maltodextrin, ginger powder, citric acid, disodium guanylate, disodium inosinate, rice oil, natural bamboo shoot flavor,  seasoning oil: vegetable oil (sesame oil, rice oil), natural and artificial sesame flavor, annatto extract color,","en:gluten,en:soybeans","en:e150c,en:e304,en:e304i,en:e330,en:e400,en:e412,en:e452,en:e452vi,en:e500,en:e500i,en:e501,en:e501i,en:e621,en:e627,en:e631",0,b,450,1880,20,8,2,3,10,5,2,https://static.openfoodfacts.org/images/products/489/787/800/0012/front_en.4.400.jpg,https://static.openfoodfacts.org/images/products/489/787/800/0012/ingredients_en.9.400.jpg,https://static.openfoodfacts.org/images/products/489/787/800/0012/nutrition_en.6.400.jpg
58449890195,Céréales A Base De Grain De Citrouille Et Grain De Lin,750,Canada,"Flocons davoine entière, sucre de canne*, huile de soja*, farine de riz bruntgraines de citrouillet graines de lin, matière sèche de rop davoine* (matière sèche de sirop d'avoine, tocophérols),sel de mer mélasse cannelle *Biologique, Conient du soja et de lavoine. Peut contenir des arachides, des noix ou du blé. VEGAN VÉGÉTALIEN",en:gluten,en:e307c,-4,a,4,15,18,3,18,5,11,0,0,https://static.openfoodfacts.org/images/products/005/844/989/0195/front_fr.18.400.jpg,https://static.openfoodfacts.org/images/products/005/844/989/0195/ingredients_fr.10.400.jpg,https://static.openfoodfacts.org/images/products/005/844/989/0195/nutrition_fr.20.400.jpg
8423207206419,Tortitas de maiz con chocolate con leche,75,"Francia,España","Maiz (51%), chocolate con leche (48%) (azúcar, manteca de cacao, pasta de cacao, leche desnatada en polvo, mantequilla anhidra, emulgente: lecitina de soja, aromas), aceite de girasol, emulgente: lecitina de soja, aromas","en:milk,en:soybeans",en:e322,18,d,476,1992,17,9,26,2,7,0,0,https://static.openfoodfacts.org/images/products/842/320/720/6419/front_es.17.400.jpg,https://static.openfoodfacts.org/images/products/842/320/720/6419/ingredients_es.25.400.jpg,https://static.openfoodfacts.org/images/products/842/320/720/6419/nutrition_es.29.400.jpg
3258561260266,Galettes de ris saveur choco noisette,120,France,"riz*, sucre de canne*, chocolat* 8,5% (pâte de cacao*, sucre de canne*, beurre de cacao*, vanille en poudre*), huile de colza*, _lait_ écrémé en poudre*, beurre de cacao*, cacao en poudre*, _noisettes_* 0,4%, émulsifiant : lécithines de tournesol*, sel de mer, vanille en poudre*. *Issus de l'agriculture biologique conformément au règlement 889/2008/EC.","en:milk,en:nuts","en:e322,en:e322i",13,d,453,1907,15,5,27,2,6,0,0,https://static.openfoodfacts.org/images/products/325/856/126/0266/front_fr.11.400.jpg,https://static.openfoodfacts.org/images/products/325/856/126/0266/ingredients_fr.12.400.jpg,https://static.openfoodfacts.org/images/products/325/856/126/0266/nutrition_fr.25.400.jpg
3257986550587,Muesli croustillant aux noix,500,Belgique,"Flocons d'_avoine_ 32% - huile de colza - sirop de glucose-fructose - farine de _blé_ complet 6,9% - sucre - sirop de glucose - semoule de maïs - copeaux de noix de coco 4% - _amandes_ effilées 3,5% - _noix de cajou_ 3,5% - farine de _blé_ 2,8% - _noisettes_ 2% - noix de _pécan_ 2% - sel - miel - amidon de maïs - arôme naturel - extrait de malt d' _orge_ extrait d'origan - colorant : carbonate de calcium.","en:gluten,en:nuts,fr:avoine","en:e170,en:e170i",28,e,446,1866,61,17,18,0,0,5,2,https://static.openfoodfacts.org/images/products/325/798/655/0587/front_fr.3.400.jpg,https://static.openfoodfacts.org/images/products/325/798/655/0587/ingredients_fr.10.400.jpg,https://static.openfoodfacts.org/images/products/325/798/655/0587/nutrition_fr.17.400.jpg
64100110878,Vanilla Almond Cereal,685,Canada,"RIZ, BLÉ ENTIER, SUCRE, AMANDES, SON DE BLÉ, SEL, SIROP DE CASSONADE, EXTRAIT DE MAIS ET D'ORGE MALTÉE, ARÔME NATUREL ET ARTIFICIEL, BHT, VITAMINES ET MINÉRAUX : FER, CHLORHYDRATE DE THIAMINE, d-PANTOTHÉNATE DE CALCIUM, CHOLÉCALCIFÉROL (VITAMINE D3), NIACINAMIDE, CHLORHYDRATE DE PYRIDOXINE, ACIDE FOLIQUE.","en:gluten,en:nuts",en:e321,14,d,379,1587,3,0,28,2,7,1,1,https://static.openfoodfacts.org/images/products/006/410/011/0878/front_fr.4.400.jpg,https://static.openfoodfacts.org/images/products/006/410/011/0878/ingredients_fr.10.400.jpg,https://static.openfoodfacts.org/images/products/006/410/011/0878/nutrition_fr.18.400.jpg
3660603080822,Tagliatelles saint jacques,380,"Belgique,France","Tagliatelles précuites 38% (eau, semoule de _blé_ dur, _oeufs_), légumes 33% (tomates 18% (tomates pelées, jus de tomates), courgette 7,1%, petits pois 3,4%, tomates séchées et assaisonnées 2,2% (tomates en dés, huile de colza, sel, origan, ail), fenouil 1,4%, oignon 1,4%), _Noix de Saint-Jacques_** 10,5% (mollusques), eau, _Emmental_ (lait), vin blanc, _crème fraîche_, huile de colza, amidon modifié, purée de tomates concentrée, arômes naturels contiennent _poisson_, _mollusques_, _lait_, _céleri_, _crustacés_), _lactose_, protéines de _lait_, _crème_, sucre, sel, ail, persil, basilic, huile d'olive, épaississant (gomme xanthane).     Tagliatelles d’origine France. Noix de Saint-Jacques : Argopecten purpuratus, Pérou (A) – Chlamys opercularis, Ecosse (B) – Zygochlamys patagonica, Argentine (C) – Chlamys albidus, Russie (D) – Chlamys islandica, Islance (E) ou Russie (F) – Chlamys nobilis, Vietnam (G) – Chlamys circularis, Mexique (H).","en:celery,en:crustaceans,en:eggs,en:fish,en:gluten,en:milk,en:molluscs","en:e14xx,en:e415",-1,a,99,414,3,1,3,2,6,1,0,https://static.openfoodfacts.org/images/products/366/060/308/0822/front_fr.30.400.jpg,https://static.openfoodfacts.org/images/products/366/060/308/0822/ingredients_fr.31.400.jpg,https://static.openfoodfacts.org/images/products/366/060/308/0822/nutrition_fr.35.400.jpg
5053827202435,Toppas,700,"Deutschland,Schweiz","Geschroteter Vollkornweizen(83%), Zucker, Feuchthaltemittel(Sorbit), Rinder-Gelatine.",en:gluten,"en:e420,en:e420i",-3,a,364,1523,2,1,17,9,10,0,0,https://static.openfoodfacts.org/images/products/505/382/720/2435/front_de.18.400.jpg,https://static.openfoodfacts.org/images/products/505/382/720/2435/ingredients_de.20.400.jpg,https://static.openfoodfacts.org/images/products/505/382/720/2435/nutrition_de.31.400.jpg
4306188407935,Blätterteig - Pâte feuilletée,275,Deutschland,"Weizenmehl, Trinkwasser, Palmfett, Ethylalkohol, Zucker, Speisesalz, Säuerungsmittel: Citronensäure.",en:gluten,"en:e1510,en:e330",16,d,374,1565,23,14,2,0,5,1,0,https://static.openfoodfacts.org/images/products/430/618/840/7935/front_de.4.400.jpg,https://static.openfoodfacts.org/images/products/430/618/840/7935/ingredients_de.7.400.jpg,https://static.openfoodfacts.org/images/products/430/618/840/7935/nutrition_de.11.400.jpg
7612100028407,Ovomaltine Crisp Müsli,500,"Frankreich,Deutschland","HAFERFLOCKEN, Getreide-Extrudat [Mais, Reis, Rohzucker, Vollkornmehl (WEIZEN, ROGGEN, GERSTE), GERSTENMALZ, fettarmes Kakaopulver, Speisesalzl, zucker, WEIZEN-SOJAFLOCKEN (WEIZEN, _SOJA_, Rohzucker, Fruchtzucker, Speisesalz, GERSTENMALZ), Sonnenblumenôl, DINKELFLOCKEN (DINKEL, zucker, Speisesalz, GERSTENMALZ), Maisflocken (Mais, Speisesalz, GERSTENMALZ), Ruchmehl (WEIZEN, 5% malzhaltiges Getrânkepulver* ROGGEN), Ovomaltine [GERSTENMALZEXTRAKT, kondensierte MAGERMILCH, fettarmes Kakaopulver, Mineralstoffe (Dicalciumphosphat, Magnesiumcarbonat, Eisenpyro - phosphat), Vitamine (A, D, E, K, C, Thiamin, Riboflavin, Niacin, 86, Folsâure, B12, Biotin, Pantothensâure), Speisesalz, Aroma Vanillinl, Mineralstoffe (Tricalciumcitrat, Trimagnesiumcitrat; Eisenpyrophosphat), Kakaopulver, Speisesalz; Vitamine (D, E, K, C, Thiamin, Riboflavin, Niacin; Folsâure, B12, Biotin, Vanilline","en:gluten,en:milk,en:soybeans","en:e341,en:e341ii",8,c,420,1757,12,1,20,6,9,1,0,https://static.openfoodfacts.org/images/products/761/210/002/8407/front_de.4.400.jpg,https://static.openfoodfacts.org/images/products/761/210/002/8407/ingredients_de.10.400.jpg,https://static.openfoodfacts.org/images/products/761/210/002/8407/nutrition_de.7.400.jpg
4000540011517,Bircher frucht,500,Deutschland,"_Vollkorn-Haferflocken_ (75%), getrocknete Apfelstücke, Rosinen, getrocknete und gesüßte Cranberrys (Cranberrys, Zucker), getrocknete Bananenflocken, getrocknete Dattelstücke, gehackte _Haselnusskerne_ (2%), Honig, Säuerungsmittel Citronensäure","en:gluten,en:nuts,fr:haselnusskerne,fr:vollkorn-haferflocken",en:e330,-3,a,361,1510,6,1,17,11,11,0,0,https://static.openfoodfacts.org/images/products/400/054/001/1517/front_de.4.400.jpg,https://static.openfoodfacts.org/images/products/400/054/001/1517/ingredients_de.7.400.jpg,https://static.openfoodfacts.org/images/products/400/054/001/1517/nutrition_de.20.400.jpg
7613035591066,Eko Magnesio,150,España,"Extracto de cereales (73,7%) (cebada, malta de cebada, centeno), achicoria (18,5%), sulfato de magnesio (6,2%), aroma natural, corrector de acidez (E 525).",en:gluten,en:e525,-6,a,54,226,2,1,5,10,4,0,0,https://static.openfoodfacts.org/images/products/761/303/559/1066/front_en.3.400.jpg,https://static.openfoodfacts.org/images/products/761/303/559/1066/ingredients_en.5.400.jpg,https://static.openfoodfacts.org/images/products/761/303/559/1066/nutrition_es.7.400.jpg
5010477354211,Funny Crisp Chocolat au Lait,420,France,"Céréales Complètes (68 %) (Flocons d'_Avoine_, Flocons d'_Orge_, Farine de _Blé_, Farine de Riz), Chocolat au lait (12.5 %) (Cacao 30 % Minimum (Sucre, Beurre de Cacao, Poudre de _Lait_ Entier, Pâte de Cacao, Émulsifiant (Lécithine de _Soja_). Arôme Naturel), _Blé_ Soufflé, Sucre, Huile de Tournesol, Miel, Farine de maïs, Arôme Naturel.","en:gluten,en:milk,en:soybeans,fr:avoine","en:e322,en:e322i",6,c,444,1858,14,4,14,7,11,0,0,https://static.openfoodfacts.org/images/products/501/047/735/4211/front_fr.4.400.jpg,https://static.openfoodfacts.org/images/products/501/047/735/4211/ingredients_fr.7.400.jpg,https://static.openfoodfacts.org/images/products/501/047/735/4211/nutrition_fr.28.400.jpg
816615012228,Apple bits multigrain rings cereal,12,United States,"Corn flour, wheat flour, sugar, oat flour, salt, corn starch, natural and artificial apple flavor, artificial and natural cinnamon flavor, zinc sulfate (zinc), ferric orthophosphate (iron), fd&c yellow 5 (tartrazine), bht (preservative), fd&c red 40, fd&c blue 1, niacin (vitamin b3), pantothenic acid (vitamin b5), pyridoxine chlorhydrate (vitamin b6), riboflavin (vitamin b2), thiamin mononitrate (vitamin b1), retinyl palmitate (vitamin a), folate, cobalamine (vitamin b12).",en:gluten,"en:e102,en:e129,en:e133,en:e321",11,d,375,1569,1,0,30,3,8,1,0,https://static.openfoodfacts.org/images/products/081/661/501/2228/front_en.3.400.jpg,,
5601312074847,Crunchy Muesli equilibrio,30,"Francia,Portogallo","Céréales (64%) [flocons d'avoine, céréales extrudées (farine de riz), son d'avoine, farine de blá), édulcorants (sirop de maltitol, acésulfame K), huile de tournesol, sel, arômes",,"en:e950,en:e965,en:e965ii",2,b,417,1745,14,2,1,0,8,0,0,https://static.openfoodfacts.org/images/products/560/131/207/4847/front_fr.4.400.jpg,https://static.openfoodfacts.org/images/products/560/131/207/4847/ingredients_fr.7.400.jpg,https://static.openfoodfacts.org/images/products/560/131/207/4847/nutrition_fr.12.400.jpg
8076809545464,Fusilli senza glutine,400,"France, Italy, Switzerland, Germany","farina di mais bianco (65%) , farina di mais giallo (29,5%), farina di riso (5%), acqua, emulsionante: mono e digliceridi degli acidi grassi.",,en:e471,-1,a,363,1519,2,1,1,2,7,0,0,https://static.openfoodfacts.org/images/products/807/680/954/5464/front_it.37.400.jpg,https://static.openfoodfacts.org/images/products/807/680/954/5464/ingredients_it.38.400.jpg,https://static.openfoodfacts.org/images/products/807/680/954/5464/nutrition_it.39.400.jpg
3450970134903,Riz soufflé au chocolat au lait,750,France,"Farine de riz 68%, sucre, chocolat au _lait_ 6% (sucre, beurre de cacao, _lait_ entier en poudre, pâte de cacao, émulsifiant : E322 (tournesol)), cacao maigre en poudre, sirop de glucose, arômes naturels de cacao, sel.",en:milk,en:e322,10,c,396,1657,4,2,23,3,8,1,0,https://static.openfoodfacts.org/images/products/345/097/013/4903/front_fr.21.400.jpg,https://static.openfoodfacts.org/images/products/345/097/013/4903/ingredients_fr.15.400.jpg,https://static.openfoodfacts.org/images/products/345/097/013/4903/nutrition_fr.11.400.jpg
3111900350762,Muesli bien-etre son d'avoine et seigle,500,"France,en:france","céréales*64,8% (son d'avoine*36%, flocons de seigle* complets 15,49%, riz* complet, flocons d'orge* complets), sirop de riz*, huile de tournesol*ltournesol*, antioxydant : extrait de romarin*), fibres de pomme*, jus concentré de pomme*. extrait de vanille*. *Ingrédients issus de l'agriculture biologique.",,en:e392,-2,a,429,1795,14,1,12,14,8,0,0,https://static.openfoodfacts.org/images/products/311/190/035/0762/front_fr.4.400.jpg,https://static.openfoodfacts.org/images/products/311/190/035/0762/ingredients_fr.16.400.jpg,https://static.openfoodfacts.org/images/products/311/190/035/0762/nutrition_fr.21.400.jpg
5400101057715,Muesli bio,500,"France, en:belgium","Flocons de céréales 65% (avoine complète; orge;. blé complet;), fruits séchès; graines et fruits à coque 30% (raisins secs (raisins, huile de tournesol, huile de coton), lamelles de noix de coco toastées; graines de lin; graines de tournesol; abricot séché (abricot, farine de riz), noisette; amande), pétales de maïs (maïs, sucre de canne, sel, émulsifiant: lécithine de tournesol).","en:gluten,en:nuts","en:e322,en:e322i",0,b,379,1586,10,4,12,10,11,0,0,https://static.openfoodfacts.org/images/products/540/010/105/7715/front_fr.4.400.jpg,https://static.openfoodfacts.org/images/products/540/010/105/7715/ingredients_fr.7.400.jpg,https://static.openfoodfacts.org/images/products/540/010/105/7715/nutrition_fr.23.400.jpg
3760151014284,Galette de son d'avoine vanillée,70,France,"FR) Galettes cle son d'avoine saveur vanillée Ingrédients Son davoine hydraté 58% (eau 35%, son d'avoine 23% (gluten)), eau, lait écrémé en poudre, blanc d'oeuf en poudre, édulcorant (isomalt), graines de lin brun, poudre levante (pyrophosphate acide de sodium, bicarbonate de soude, amidon de blê), arome vanile 0,8% , conservateur (sorbate de potassium).","en:gluten,en:milk","en:e202,en:e450,en:e450i,en:e500,en:e500ii,en:e953",0,b,161,674,3,1,5,0,10,1,0,https://static.openfoodfacts.org/images/products/376/015/101/4284/front_fr.13.400.jpg,https://static.openfoodfacts.org/images/products/376/015/101/4284/ingredients_fr.19.400.jpg,https://static.openfoodfacts.org/images/products/376/015/101/4284/nutrition_fr.24.400.jpg
30000436073,"Quaker Natural Granola Oats, Honey, Raisins and Almonds",195,États-Unis,"Whole grain rolled oats, whole grain rolled wheat, brown sugar, raisins, canola oil, whey, inulin, almonds, nonfat dry milk, glycerin, whey protein concentrate, honey, natural flavor (contains coconut components), sunflower oil, tocopherols (added to preserve freshness).","en:milk,en:nuts","en:e307c,en:e422",0,b,412,1724,10,1,25,8,10,0,0,https://static.openfoodfacts.org/images/products/003/000/043/6073/front_fr.3.400.jpg,https://static.openfoodfacts.org/images/products/003/000/043/6073/ingredients_fr.10.400.jpg,https://static.openfoodfacts.org/images/products/003/000/043/6073/nutrition_en.13.400.jpg
3168930010265,Cruesli,450,"Bélgica,Francia,Guadalupe,Reunión,España,Suiza","_Avoine_ complète (33 %), _blé_ complet (19 %), sucre, _noix_ 11 % (_noisettes_, _noix du Brésil_, _amandes_ grillées, _noix de Pécan_), huile de tournesol, sirop de glucose, farines de riz, de _blé_ et de maïs, miel, colorant (caramel E150a), extrait de malt d'_orge_, arôme, antioxydant (tocophérol).","en:gluten,en:nuts,fr:avoine","en:e150a,en:e307c",-2,a,462,1933,19,2,12,10,9,0,0,https://static.openfoodfacts.org/images/products/316/893/001/0265/front_fr.126.400.jpg,https://static.openfoodfacts.org/images/products/316/893/001/0265/ingredients_fr.115.400.jpg,https://static.openfoodfacts.org/images/products/316/893/001/0265/nutrition_fr.121.400.jpg
3222476926814,Muesli croustillant chocolat noir noisettes,500,France,"Flocons d'_avoine_ complète 47% - morceaux de chocolat noir 11% (pâte de cacao - sucre - émulsifiant: lécithines de tournesol) - sucre - farine de _blé_ - huile de tournesol - sirop d'oligofructose - sirop de glucose-fructose - demi-_noisettes_ blanchies, grillées 3% - noix de coco râpée - farine de riz - sel - dextrose - arôme naturel - farine de malt de _blé_ - farine de malt d'_orge_ - sucre caramélisé - antioxydant : extrait riche en tocophérols. traces d'autres cérélaes contenant du _gluten_, d'_arachides_, d'autres _fruits à coque_, de _lait_, de _soja_ et de _graines de sésame_.","en:gluten,en:nuts,fr:avoine,fr:avoine","en:e306,en:e322,en:e322i",10,c,463,1936,19,6,19,12,10,0,0,https://static.openfoodfacts.org/images/products/322/247/692/6814/front_fr.4.400.jpg,https://static.openfoodfacts.org/images/products/322/247/692/6814/ingredients_fr.7.400.jpg,https://static.openfoodfacts.org/images/products/322/247/692/6814/nutrition_fr.24.400.jpg
8423207206518,Tortitas arroz integral con Choc negro,32,España,"Chocolate negro 54% (azúcar, pasta de cacao, manteca de cacao, cacao en polvo, emulgente: lecitina de _soja_ (E-322), aromas), arroz integral (46%), emulgente: lecitina de _soja_ (E-322).",en:soybeans,en:e322,16,d,467,1954,18,11,28,5,6,0,0,https://static.openfoodfacts.org/images/products/842/320/720/6518/front_es.24.400.jpg,https://static.openfoodfacts.org/images/products/842/320/720/6518/ingredients_es.6.400.jpg,https://static.openfoodfacts.org/images/products/842/320/720/6518/nutrition_es.30.400.jpg
3263850451218,"Nouilles instantanées, saveur curry",65,France,"Preparation alimentaire à base de blé tendre 86,1% : farine de blé, hille de son de riz - amidon (tapioca, pomme de terre) - s Correcteurs d'acidité : E500, E452, E451, E501 - épaississant : E4I2 Sachet d'assaisonnement 10,8% : sel - exhausteurs de gout : E621 E631, E627-sucre - amidon transformé de tapioca - herbes et épicer poudre d'oignon, poudre d'ail, poudre d'échalote, poivre, curcuma coriandre, poudre de fenouil - extrait de levures - antiagglomérant ESS4. Sachet de légumes déshydratés 3,1% : carotte - chou-oignon",,"en:e14xx,en:e451,en:e452,en:e500,en:e501,en:e621,en:e627,en:e631",4,c,461,1929,20,5,6,0,9,5,2,https://static.openfoodfacts.org/images/products/326/385/045/1218/front_fr.23.400.jpg,https://static.openfoodfacts.org/images/products/326/385/045/1218/ingredients_en.8.400.jpg,
5400101057685,Granola avec quinoa,375,"Belgique,France","Flocons d'avoine complète 69%, miel';, raisins secs* 7% (raisins sultanines, huile de tounesol et de coton'), huile de tournesol';, quinoa' soufflé 3,7%, sel marin, sucre caramélisé, arôme naturel de vanille';, antioxydant: extrait riche en tocophérols. ';Ingredient issu de l'agriculture biologique. Peut contenir des traces de fruits à coque, de soja et de lait.",,en:e306,3,c,425,1778,12,1,19,2,11,0,0,https://static.openfoodfacts.org/images/products/540/010/105/7685/front_fr.4.400.jpg,https://static.openfoodfacts.org/images/products/540/010/105/7685/ingredients_fr.19.400.jpg,https://static.openfoodfacts.org/images/products/540/010/105/7685/nutrition_fr.33.400.jpg
3256224360667,Barre de céréales au chocolat noir,125,France,"Céréales 37.5% [flocons d'AVOINE 16,8%, farine de BLE 10,2%, pétales de maïs (maïs 5,8%, sel, extrait de malt d'ORGE), farine de riz 4,4%], sirop de glucose, chocolat noir 20% (pâte de cacao, sucre, beurre de cacao), chocolat noir en poudre 4,8% (pâte de cacao, sucre, cacao maigre en poudre), huile de tournesol, pâte de NOISETTE, stabilisant : sorbitols, dextrose, sucre, sel, arôme, émulsifiant : lécithine de SOJA, antioxydant : extrait riche en tocophérols.   Traces éventuelles de lait, sulfites et arachides.","en:gluten,en:nuts,en:soybeans","en:e306,en:e322,en:e322i,en:e420",13,d,433,1819,16,7,27,4,6,0,0,https://static.openfoodfacts.org/images/products/325/622/436/0667/front_fr.42.400.jpg,https://static.openfoodfacts.org/images/products/325/622/436/0667/ingredients_fr.44.400.jpg,https://static.openfoodfacts.org/images/products/325/622/436/0667/nutrition_fr.46.400.jpg
8480012000960,Céréales Muesli avec chocolat noir,500,España,"Cereales (62%) [copos de avena (38%), copos de trigo, arroz inflado (harina de arroz, harina de trigo, azúcar, harina de malta de trigo, sal, azúcar caramelizado en polvo), copos de maíz (maíz, azúcar, extracto de malta de cebada, sal, emulgente (mono - y diglicéridos de ácidos grasos), harina de trigo], chocolate negro (15%) (pasta de cacao, azúcar, emulgente: lecitina de girasol, aroma), azúcar, manteca de palma, jarabe de glucosa, coco en polvo, cacao magro en polvo, sal, aromas.",en:gluten,"en:e322,en:e471",20,e,460,1925,18,9,23,0,8,1,0,https://static.openfoodfacts.org/images/products/848/001/200/0960/front_es.23.400.jpg,https://static.openfoodfacts.org/images/products/848/001/200/0960/ingredients_es.27.400.jpg,https://static.openfoodfacts.org/images/products/848/001/200/0960/nutrition_es.42.400.jpg
9004617068287,Crunchy chocolat,375,France,"Flocons d'avoine complete sucre de canne* flocons de blé complet, huile de tounesol haut oléique, chocolat au lait entier* 3,3% (sucre*, lait en poudre*, cacao en pâte*, beurre de cacao lactosérum en poudre* (lait), émulsifiant: lécithine de toumesol), chocolat noir* 1,8 % (cacao en pâte, sucre, beurmre de cacao émulsifiant lécithine de tournesol*), riz complet croustillant*, cacao en poudre* 1,3% , noix de coco râpée*, sel. *) Issu de l'agriculture biologique. Peut contenir des traces de graines de sésame, de soja et fruits à coque.",en:milk,"en:e322,en:e322i",7,c,435,1820,16,3,20,8,9,0,0,https://static.openfoodfacts.org/images/products/900/461/706/8287/front_fr.6.400.jpg,https://static.openfoodfacts.org/images/products/900/461/706/8287/ingredients_fr.13.400.jpg,https://static.openfoodfacts.org/images/products/900/461/706/8287/nutrition_fr.21.400.jpg
3387390326468,Fitness chocolate con leche,375,"Bélgica,Francia,Alemania,Luxemburgo,Marruecos,Reunión,España,Suiza","Copos de cereales (64%): cereales [trigo integral (32,4%), arroz (23,8%), avena integral (4,5%)], azúcar, jarabe de azúcar moreno parcialmente invertido, extracto de malta de cebada (cebada, malta de cebada), sal, jarabe de glucosa, antioxidante (extracto rico en tocoferoles). Copos de cereales recubiertos de chocolate con leche (36%): chocolate con leche (16,5%) (azúcar, manteca de cacao, leche en polvo, cacao, suero de leche en polvo, emulgente: lecitina de soja, aroma natural de vainilla), copos de cereales [cereales (trigo integral 7,9%, arroz 5,8%, avena integral 1,1% ), azúcar, jarabe de azúcar moreno parcialmente invertido, extracto de malta de cebada (cebada, malta de cebada), sal, jarabe de glucosa, antioxidante (extracto rico en tocoferoles)], chocolate (4,1%) (cacao, azúcar, manteca de cacao, emulgente lecitina de soja, aroma natural de vainilla), agente de recubrimiento (goma arábiga, jarabe de glucosa, polidextrosa). VITAMINAS Y MINERALES: Riboflavina, niacina, vitamina B6, ácido fólico, ácido pantoténico, carbonato cálcico, hierro. Puede contener cacahuete y frutos de cáscara.","en:gluten,en:milk,en:soybeans,fr:avoine","en:e101,en:e101i,en:e1200,en:e306,en:e322,en:e414",10,c,399,1669,8,4,20,7,9,1,0,https://static.openfoodfacts.org/images/products/338/739/032/6468/front_es.84.400.jpg,https://static.openfoodfacts.org/images/products/338/739/032/6468/ingredients_es.94.400.jpg,https://static.openfoodfacts.org/images/products/338/739/032/6468/nutrition_es.95.400.jpg
7613036668378,Cheerios Bio,330,"Bélgica,França,Espanha","Cereales integrales (73,9%) (harina integral de avena* (26,8%), harina integral de trigo* (26,8%), harina integral de cebada* (16,3%), harina integral de maíz* (2,0%), harina integral de arroz* (2,0%, azúcar, almidón de trigo*, miel* (3,8%), aceite de girasol*, jarabe de azúcar invertido*, sal, melazas, antioxidante extracto rico en tocoferoles), aroma natural.",,en:e306,0,b,394,1648,6,1,20,8,9,1,0,https://static.openfoodfacts.org/images/products/761/303/666/8378/front_es.31.400.jpg,https://static.openfoodfacts.org/images/products/761/303/666/8378/ingredients_es.10.400.jpg,https://static.openfoodfacts.org/images/products/761/303/666/8378/nutrition_es.33.400.jpg
20038328,Seitan Tofu,250,Espagne,"agua, 24% _gluten_ de _trigo_* (seitán), aceite de girasol*, 12% tofu* (agua, habas de _soja_*, estabilizante: sulfato cálcico), tomate frito*, (tomate*, aceite de oliva*, cebolla*, puerro*, azúcar*, sal, ajo*, acidulante: ácido cítrico), cebolla*, levadura de cerveza*, (contiene _trigo_*), especias*, (contiene _apio_* y _trigo_*), vinagre de manzana*, almidón de maíz, sal marina, tomate*, salsa de _soja_* (agua, habas de _soja_*, _trigo_*, sal marina), espesantes: goma xantana, carragenanos; emulgente: lecitina de _soja_. *Producto procedente de agricultura ecológica.","en:celery,en:gluten,en:soybeans","en:e322,en:e330,en:e407,en:e415",9,c,258,1079,15,2,3,3,23,2,1,https://static.openfoodfacts.org/images/products/20038328/front_es.6.400.jpg,https://static.openfoodfacts.org/images/products/20038328/ingredients_es.7.400.jpg,https://static.openfoodfacts.org/images/products/20038328/nutrition_en.21.400.jpg
8714685001413,Salade Hummus Bio,150,"Frankrijk,Duitsland,Nederland","pois chiches* trempés dans l'eau (27%), avocat* (22%), eau, huile de tournesol*, _sésame_* (10%), persil*, farine de maïs*, sel marin, ail*, jus de citron*, poivrons rouges*, piment rouge*, coriandre*, cardamome*, acidifiants naturels : acide lactique issu de sucre de canne. *= Issus de l'Agriculture Biologique",en:sesame-seeds,en:e270,5,c,100,875,19,3,2,0,5,1,0,https://static.openfoodfacts.org/images/products/871/468/500/1413/front_fr.18.400.jpg,https://static.openfoodfacts.org/images/products/871/468/500/1413/ingredients_fr.15.400.jpg,https://static.openfoodfacts.org/images/products/871/468/500/1413/nutrition_fr.16.400.jpg
8480000523372,Pate anchoa,160,en:Spain,"Anchoa (20%), salmón, leche descremada, aceite de girasol, puré de patatas, sal, especias, aromas, estabilizante (E-415), dextrosa, caramelo.",en:fish,en:e415,16,d,306,1280,29,4,1,0,6,3,1,https://static.openfoodfacts.org/images/products/848/000/052/3372/front_es.23.400.jpg,https://static.openfoodfacts.org/images/products/848/000/052/3372/ingredients_es.16.400.jpg,https://static.openfoodfacts.org/images/products/848/000/052/3372/nutrition_es.34.400.jpg
26006277,Boisson à l'Avoine,1,France,"eau, avoine* 11,5%, huile de tournesol*, algue Lithothamnium calcareum, sel, stabilisant : carraghénanes. *Issus de l'agriculture biologique.",,en:e407,1,b,40,167,1,0,5,0,1,0,0,https://static.openfoodfacts.org/images/products/26006277/front_fr.10.400.jpg,https://static.openfoodfacts.org/images/products/26006277/ingredients_fr.16.400.jpg,https://static.openfoodfacts.org/images/products/26006277/nutrition_fr.18.400.jpg
8710624265281,Granola naturel,350,en:Netherlands,"58% volkoren HAVERVLOKKEN, 15% volkoren speltvlokken (_TARWE_), honing, zonnebloemolie, gepofte _HAVER_, melado, natuurlijk vanillearoma, zout, antioxidant: E306.",en:gluten,en:e306,-1,a,426,1782,12,1,15,7,12,0,0,https://static.openfoodfacts.org/images/products/871/062/426/5281/front_nl.3.400.jpg,https://static.openfoodfacts.org/images/products/871/062/426/5281/ingredients_nl.5.400.jpg,https://static.openfoodfacts.org/images/products/871/062/426/5281/nutrition_nl.7.400.jpg
8710624265328,Granola rode vruchten,300,Nederland,"54% volkoren HAVERVLOKKEN, 14% volkoren speltvlokken (_TARWE_), honing, zonnebloemolie, rozijnen (sultana, zonnebloem - en katoenzaadolie), gepofte _HAVER_, 2,5% gevriesdroogde rode vruchten (aardbei, wilde bosbessen, veenbessen, zonnebloemolie), melado, natuurlijk vanillearoma, zout, antioxidant: E306.",en:gluten,en:e306,2,b,421,1761,11,1,19,3,11,0,0,https://static.openfoodfacts.org/images/products/871/062/426/5328/front_nl.4.400.jpg,https://static.openfoodfacts.org/images/products/871/062/426/5328/ingredients_nl.7.400.jpg,https://static.openfoodfacts.org/images/products/871/062/426/5328/nutrition_nl.14.400.jpg
8717371169138,Free From Crunchy honey & nuts,300,Nederland,"16.6% buckwheat flakes, 16,6% millet extract (31% millet, corn grits, rice, sugar, salt), sugar, rice flour, rapeseed oil, cornflakes (98% corn flour, salt), soy flour, rice extract (93% rice, sugar, salt), potato starch, 3% coconut, 2.5% hazelnuts, 1.7% sliced almonds, honey, 1.5% puffed amaranth, flavours, salt, antioxidant (sunflower oil, emulsifier: sunflower lecithin, ascorbyl palmitate, tocopherol).",,"en:e304,en:e304i,en:e306,en:e322,en:e322i",9,c,398,1665,16,3,22,2,7,0,0,https://static.openfoodfacts.org/images/products/871/737/116/9138/front_en.12.400.jpg,https://static.openfoodfacts.org/images/products/871/737/116/9138/ingredients_en.7.400.jpg,https://static.openfoodfacts.org/images/products/871/737/116/9138/nutrition_en.17.400.jpg
20279967,Organic vanilla & almonds whole grain oat clusters,1000,Nederland,"rijst, emulgator: natriumstearoyl-2-lactylaat.",,en:e481,0,b,350,1464,1,0,0,0,7,0,0,https://static.openfoodfacts.org/images/products/20279967/front_nl.4.400.jpg,https://static.openfoodfacts.org/images/products/20279967/ingredients_nl.16.400.jpg,https://static.openfoodfacts.org/images/products/20279967/nutrition_nl.13.400.jpg
77890377024,Organic vanilla & almonds whole grain oat clusters,63,United States,"Organic whole rolled oats, organic milled cane sugar, organic expeller pressed canola oil, organic rice flour, organic cornstarch, organic almonds, organic honey, salt, natural flavor, organic barley malt syrup, spice blend (organic sugar, organic cardamom, organic fennel seed, organic fenugreek, organic nutmeg), organic vanilla extract, mixed tocopherols (natural vitamin e to maintain freshness).",,en:e306,7,c,429,1793,14,2,25,6,8,0,0,https://static.openfoodfacts.org/images/products/007/789/037/7024/front_en.5.400.jpg,,https://static.openfoodfacts.org/images/products/007/789/037/7024/nutrition_en.7.400.jpg
3760274681196,Farine boulangère T65,5,France,"farine de _BLÉ_ type 65, gluten de _BLÉ_, farine de _BLÉ_ malté torréfié/toasté, germe de _BLÉ_, farine de _BLÉ_ malté, enzymes: (hémicellulases, alpha-amylases), agent de traitement des farines E300",en:gluten,en:e1100,-4,a,398,1418,1,0,3,3,10,0,0,https://static.openfoodfacts.org/images/products/376/027/468/1196/front_fr.4.400.jpg,https://static.openfoodfacts.org/images/products/376/027/468/1196/ingredients_fr.10.400.jpg,https://static.openfoodfacts.org/images/products/376/027/468/1196/nutrition_fr.13.400.jpg
3760252280311,Farine de blé type 65,5,France,"Farine de_blé_ 99% (origine france), _gluten_ de _blé_, farine de _blé_ malté, amylases fongiques",en:gluten,en:e1100,-4,a,351,1486,1,0,2,3,12,0,0,https://static.openfoodfacts.org/images/products/376/025/228/0311/front_fr.3.400.jpg,https://static.openfoodfacts.org/images/products/376/025/228/0311/ingredients_fr.8.400.jpg,https://static.openfoodfacts.org/images/products/376/025/228/0311/nutrition_fr.5.400.jpg
16000264694,Crunchy Oats 'n Honey Granola Bar,42,"France,États-Unis","whole grain oats, sugar, canola oil, rice flour, honey, salt, brown sugar syrup, baking soda, soy lecithin, natural flavor,","en:soybeans,en:oats","en:e322,en:e322i",11,d,452,1890,17,2,26,5,7,1,0,https://static.openfoodfacts.org/images/products/001/600/026/4694/front_en.39.400.jpg,https://static.openfoodfacts.org/images/products/001/600/026/4694/ingredients_en.33.400.jpg,https://static.openfoodfacts.org/images/products/001/600/026/4694/nutrition_en.34.400.jpg
26062891,Céréales,35,France,"farine de riz (69 % ), sucre, cacao maigre en poudre (3,5%), chocolat au lait (2,5%) (sucre, beurre de cacao, lait entier en poudre, pâte de cacao, émulsifiant: lécithine de tournesol; arôme naturel de vanille), sirop de glucose, extrait de malt d'orge,huile de tournesol, sel, arôme naturel de cacao, vitamines: niacine, vitamine E, acide pantothénique, vitamine B6, riboflavine, thiamine, acide folique, vitamine B12. Traces éventuelles d'arachides, de fruits à coque et de soja. Poids net: 35 ge",en:gluten,"en:e322,en:e322i",11,d,393,1644,4,1,21,0,7,1,0,https://static.openfoodfacts.org/images/products/26062891/front_fr.4.400.jpg,https://static.openfoodfacts.org/images/products/26062891/ingredients_fr.7.400.jpg,
8423266500060,Muesli frutas integral,100,España,"Cereales (65,1%) (copos de _avena_ integral, copos de cebada, copos de _centeno_ integral, corn flakes (copos de maíz, sal, extracto de malta de _cebada_, emulgente: mono y diglicéridos de ácidos grasos), germen de _trigo_), frutas deshidratadas y frutos secos (21,7%) (pasas sultanas (pasas, aceite de algodón), _almendra_, _avellana_, banana (banana, harina de arroz), higo (higo, harina de arroz), dátil (dátil, harina de arroz), ciruela (ciruela, harina de arroz), pera (pera, harina de arroz), manzana, melocotón (melocotón, harina de arroz), semillas (11,7x) (lino, girasol, _sésamo_ blanco tostado), frutas en polvo procedentes de zumo concentrado (albaricoque, manzana, maracuyá, limón, maltodextrina). Estabilizador: gas nitrógeno.","en:gluten,en:nuts,en:sesame-seeds,es:avena",en:e471,-3,a,380,1590,10,2,13,10,13,0,0,https://static.openfoodfacts.org/images/products/842/326/650/0060/front_es.16.400.jpg,https://static.openfoodfacts.org/images/products/842/326/650/0060/ingredients_es.18.400.jpg,https://static.openfoodfacts.org/images/products/842/326/650/0060/nutrition_es.25.400.jpg
5000157006899,Spaghetti Hoops,20,France,"spaghetti hoops (42%, water, durum wheat semolina), tomatoes (41 %), water, sugar, archive cornflour, salt, acid - - citric acid, mavado, garlic salt, onion extract, mavado extract, - iron sulphate, vitamin d",,en:e330,-1,a,52,218,0,0,4,1,2,0,0,https://static.openfoodfacts.org/images/products/500/015/700/6899/front_en.8.400.jpg,https://static.openfoodfacts.org/images/products/500/015/700/6899/ingredients_en.13.400.jpg,
3256224051473,Muesli croustillant au chocolat,500,France,"Céréales 66% [flocons d'AVOINE complet*, flocons de BLÉ complet*, farine de BLÉ*, céréales extrudées* (farine de riz*, farine de BLÉ*, sucre*, extrait de malt d'ORGE*, émulsifiant : lécithines de tournesol*)], sucre*, chocolat noir* 11% (pâte de cacao*, sucre de canne*, beurre de cacao*), huile de tournesol* (huile de tournesol*, antioxydant : extrait riche en tocophérols), noix de coco en poudre*, cacao en poudre*, miel*, sel. Traces éventuelles de soja, lait et fruits à coque. *Ingrédient issu de l'agriculture biologique","en:gluten,fr:avoine","en:e306,en:e322,en:e322i",9,c,465,1952,18,6,19,7,8,0,0,https://static.openfoodfacts.org/images/products/325/622/405/1473/front_fr.65.400.jpg,https://static.openfoodfacts.org/images/products/325/622/405/1473/ingredients_fr.67.400.jpg,https://static.openfoodfacts.org/images/products/325/622/405/1473/nutrition_fr.69.400.jpg
8410376042894,Cuor di cereale,15,France,"Whole grains 31,5% (oat flakes, wheat malt flakes, whole barley flour), hazelnut flavoured filling 28% [suqar, vegetable fat (palm, paln kernel), wheat starch, cocoa powder, hazelnut paste 5,5%, vegetable oil (high oleic sunflower oil), emulsifier (soya lecithin)), sugar, puffed rice (rice flour, wheat flour, salt), vegetable oil (high oleic sunflower oil), dark chocolate chips 5% [sugar, cocoa mass, coco butter, emulsifier (soya lecithin), con flakes (corn, salt, sugar, barley malt syrup), vegetable fibre, gelling agent (gum arabic), salt, emulsifier (soya lecithin), raising agent (ammoniun hydrogen carbonate). May contain traces of milk. High in fibre. D SANDWICH KEKS MIT HASELNUSS GESCHMACK FÜLLUNG.Zutaten: Vollkorngetreide 31,5 % (Haferflocken, gemälzte Weizenflocken, Gerstenvollkornmehl), Haselnuss Geschmack Füllung 28 % (Zucker, Pflanzenfett (Palm und Palmkernöl), Weizenstärk Kakaopulver, Haselnusspaste 5,5%, Plfanzenöl (Sonnenblumenöl mit hohem Ölsäuregehalt), Emulgator (Soja Lezithin)], Zucker, Puffreis, (Reismehl, Weizenmehl, Salz), Plfanzenöl (Sonnenblumenöl mit hohem Ölsäuregehalt), dunkle Schokoladentropfen 5 Zucker, Kakaomasse, Kakaobutter, Emulgator (Soja Lezithin), Maisflocken (Mais, Salz, Zucker, Gerstenmalzsirup), pflanzliche Faser, Geliermittel (Gummi arabicum), Salz, Emulgator (Soja Lezithin), Backtriebmittel (Ammoniumhydrogencarbonat). Kann Spure von Milch enthalten. Hoher ballaststoffgehalt. RO BISCUIT UMPLUT CU UMPLUTURĂ AROMATIZATĂ DE ALUNE.Ingrediente: Cereale integrale 31,5% (fulgi de ovăz, fulgi din malt de grau,faina integrala din orz), umplutura aromata de alune 289% (zah grasimi vegetale (palmier, ulei de palmier), amidon de grau, cacao purda, pasta de alune 5,5%, ulei vegetal (ulei de floare soarelui cu continut oleic ridicat), emulsificatori (lecitina de soia)], zahar, orez expadandat (faina de orez, faina de grau, sare), ulei vege ulei de floare soarelui cu continut oleic ridicat), cipsuri de ciocolata neagra 5% (zahar, masa de cacao, unt de cacao, emulsificatori (lecitina de soia)l, fulgi de porumb (porumb, sare, zahar, sirop din malt de orz), fibre vegetale, agent gelifiant (guma arabica), sa emulsificatori(lectina de soia), agenti de creştere (bicarbonat de amoniu). Poate contine urme de lapte. Bogat in fibre. HU MOGYORÓ ÍZU KREMMEL TÖLTÖTT KEKSZ.Összetevők: Teljes kiörlésú gabonák 31,5% (zabpehely, búza maláta pehely, teljes kirl árpaliszt), mogyoró izu krém 28%, [cukor, növényi zsir (pálma és pálmamag), búzakeményító, kakaópor, mogyoró krém 5,5%, növényi olaj (magas olajsavtartalmú), emulgeálószer (szójalectin)], cukor, puffasztott rizs (rizsliszt, búzaliszt, só), növényi olaj (ma olajsavtartalmú), étcsokoládé darabkák 5% [(cukor, kakaómassza, kakaovaj, emulgeálószer (szójalectin)]1, kukrica pehely (kukorica, só, cukor, árpa maláta szirup), növényi rost, zselésítő anyag (gumiarábikum), só, emulgeálószer (szójalectin), térfogatnövelő (ammonium-hidrogen-karbonat), Nyomokban tejet tartalmazhat. Elelmi rosthan gazdag. BU БИСКВИТИ СЛЕШНИКОВ КРЕМ. Сьставки: Пьлнозърнести сьставки 31,5% (Овесени ядки, Пълнозърнести малцови люспи, Пълнозърнесто ечеми брашно), Лешников крем 28% [захар, Растителна мазнина (палмово масло), Пшенично нишесте, какао на прах, Лешникова паста 5,5%, Растителна мазнина (високоолеиново спьнчогледово олио), Емулгатор (cоев лецитин), Захар, Набы ориз (Оризово брашно, Пшеничен аромат, Сoл), Растителна мазнина, (високоолеиново слънчогледово олио) Парченца тьмен шоколад 5% [Захар, Какаова маса, Какаово масло, Емулгатор (соев лецитин), Царевични люспи (Царевица, Сол, 3 Ечемичен малцов сироп), Растителни фибри, Желиращ агент (арабска гума), сол, Емулгатор (соев лецитин), Набухвател (Амониев хидрогенкарбонат). Може да съдържа следи от мляко. Високо съдържание на влакнини. شامل( ،حشو ذوق البندق 28٪ السكر، الدهون النباتية )النخيل، )النخيللب ریت ساندويتش بحشو ذوق البندق المكونات: الحبوب الكاملة 31.5٪ )رقانق الشوفان ،رقائق القمح الم ملت، دقيق الشعير القمح، مسحوق الكاكاو ، عجينة البندق 5.5% ، الزيوت النباتية )زیت دوار الشمس عالية الأوليك( ، مستحلب )ليستين الصوجا( السكر، الأرز منتفخ )الملح)دقيق الأرز و، دقيق القمح، ت النباتية )زيت دوار الشمس عالية الأوليك( شذرات الشوكولاته الداكنة 5٪ )السكر، عجينة الكاكاو، زبدة الكاكاو، مستحلب )ليستين الصوجا( ،السكررقائق الذرة، )الذرة، ملح، ب الشعير الم ملت( الألياف النباتية، مثخن )الصمغ العربي( ، الملح، مستحلب )ليستين الصوجا(، مخمر )کربونات حمض الأمونيوم( قد تحتوي على آثار من المكسرات volta aperta la confezione, mantenere nelle stesse condizioni e INFORMAZIONI NUTRIZIONALI/ INFORMACION NUERICIONAL/ er de los rayos solares. Una vez abierto, mantener en las mismas NUTRITION FACTS/DURCHSCHNITTLICHE NAEE m sunlight. Once opened, keep in the same conditions and close Biscot/ Galleta/ Biscuitd Keks/Biscuiti/ Aprósitemény Peso netto/Peso neto/ Net weight/ Nettogewicht/Nettó tömeg/Greutate n INFODMATIL NUTDITI","en:gluten,en:soybeans",en:e414,17,d,453,1895,18,6,28,0,7,0,0,https://static.openfoodfacts.org/images/products/841/037/604/2894/front_it.4.400.jpg,https://static.openfoodfacts.org/images/products/841/037/604/2894/ingredients_it.11.400.jpg,
3270190111108,Muesli Floconneux,750,"France, en:guadeloupe","Flocons d'AVOINE complète 26%, flocons de BLE complet 20%, BLE 14%, raisins 12%, maïs 10%, sucre, morceaux de pommes 3%, noix de coco 2,4%, ananas 1,4%, banane 1,3%, huile de coco, sel, AMANDES effilées et toastées 0,5%, NOISETTES hachées et toastées 0,5%, extrait de malt d'ORGE, huile de coton, acidifiant : acide citrique.","en:gluten,en:nuts,en:sesame-seeds,en:soybeans",en:e330,7,c,362,1515,6,3,20,8,9,1,0,https://static.openfoodfacts.org/images/products/327/019/011/1108/front_fr.48.400.jpg,https://static.openfoodfacts.org/images/products/327/019/011/1108/ingredients_fr.35.400.jpg,https://static.openfoodfacts.org/images/products/327/019/011/1108/nutrition_fr.25.400.jpg
7807910021605,Hojuelas Sabor Chocolate,300,Chile,"Harina de cereales (maíz integral, trigo integral y trigo), maltodextrina, cacao 6%, polidextrosa (fibra soluble), maltitol, saborizantes idénticos a natural y artificial, sal, licor de cacao, fosfato dicálcico, vitaminas y minerales (vitamina A, mononitrato de tiamina (vitamina B1), ácido ascórbico (vitamina C), cianocobalamina (vitamina B12), riboflavina (vitamina B2), niacinamida (vitamina B3), clorhidrato de piridoxina (vitamina B6), ácido fólico, sulfato de zinc (zinc), hierro reducido (hierro)), lecitina de soya, ESTEVIA, SUCRALOSA, citrato trisódico, antioxidantes (Tocoferol, T.B.H.Q.). Contiene: Gluten (harina de trigo y trigo integral), soya (lecitina de soya), leche (saborizante). Elaborado en líneas que también procesan maní, nueces y sulfitos.","en:gluten,en:milk,en:nuts,en:soybeans,en:sulphur-dioxide-and-sulphites","en:e1200,en:e331,en:e331iii,en:e341,en:e341ii,en:e955,en:e965",-3,a,397,1661,4,1,2,14,8,1,0,https://static.openfoodfacts.org/images/products/780/791/002/1605/front_es.4.400.jpg,https://static.openfoodfacts.org/images/products/780/791/002/1605/ingredients_es.7.400.jpg,https://static.openfoodfacts.org/images/products/780/791/002/1605/nutrition_es.13.400.jpg
