code,product_name,quantity,country,ingredients,allergens,additives,nutriscore_score,nutriscore_grade,energy-kj_100g,fat_100g,saturated-fat_100g,sugars_100g,fiber_100g,proteins_100g,salt_100g,sodium_100g,image_url,image_ingredients_url,image_nutrition_url,,,,,,,,,,,,,,,,,,,,,,,,,,,,,,,,,,,,,,,,,,,,,,nutrition-score-fr_100g
3661405003163,Petits Lingots,448,France,"Colin d'Alaska 58%, chapelure 20 % (farine de blé, eau, épices, sel, levure), huile végétale, farine de blé, eau, amidon de pomme de terre, sel",en:fish,no additives,1,b,939,9.1,1.2,1,0.9,13,0.8636,0.34544,https://static.openfoodfacts.org/images/products/366/140/500/3163/front_fr.13.400.jpg,https://static.openfoodfacts.org/images/products/366/140/500/3163/ingredients_fr.9.400.jpg,https://static.openfoodfacts.org/images/products/366/140/500/3163/nutrition_fr.11.400.jpg,,,,,,,,,,,,,,,,,,,,,,,,,,,,,,,,,,,,,,,,,,,,,,1
3250391413942,Saumon mariné au citron et à l'aneth,130,France,"Portion de _saumon_ (70 %), eau, huile végétale, vinaigre d'alcool, sel, jus de citron concentré (0,9 %), vin blanc, sucre, aneth (0,29 %), amidon transformé de maïs, arômes (_noix_), épaississants : gomme xanthane et gomme guar, colorant : oléorésine de paprika.","en:fish,en:nuts","en:e14xx,en:e160c,en:e412,en:e415",0,b,828,0,0,0,0,13,0.9,0.53,https://static.openfoodfacts.org/images/products/325/039/141/3942/front_fr.6.400.jpg,https://static.openfoodfacts.org/images/products/325/039/141/3942/ingredients_fr.7.400.jpg,,,,,,,,,,,,,,,,,,,,,,,,,,,,,,,,,,,,,,,,,,,,,,,
5601029004038,Atum Posta Em Oleo Vegetal,385,France,"_Thon_ (65 %), huile végétale (tournesol) (34 %), sel.",en:fish,no additives,3,c,828,10,1.2,0,0,25,1.3,0.52,https://static.openfoodfacts.org/images/products/560/102/900/4038/front_en.3.400.jpg,https://static.openfoodfacts.org/images/products/560/102/900/4038/ingredients_fr.7.400.jpg,https://static.openfoodfacts.org/images/products/560/102/900/4038/nutrition_fr.16.400.jpg,,,,,,,,,,,,,,,,,,,,,,,,,,,,,,,,,,,,,,,,,,,,,,3
20427634,2 panés au colin d'Alaska,200,France,"Préparation à base de colin d'Alaska 70 % : _colin_ d'Alaska 66 %, eau, _calamar_, amidon modifié, sel, méthylcellulose (% exprimés sur la préparation à base de colin d'Alaska).  Panure 30 % : chapelure (farine de _blé_, levure, sel, épices : curcuma, paprika), enrobant (eau, farine de _blé_), huiles végétales (tournesol, colza).","en:fish,en:gluten,en:molluscs","en:e14xx,en:e461",0,b,803,7.4,0.8,0.7,0.8,12,0.9,0.36,https://static.openfoodfacts.org/images/products/20427634/front_fr.18.400.jpg,https://static.openfoodfacts.org/images/products/20427634/ingredients_fr.20.400.jpg,https://static.openfoodfacts.org/images/products/20427634/nutrition_fr.11.400.jpg,,,,,,,,,,,,,,,,,,,,,,,,,,,,,,,,,,,,,,,,,,,,,,0
3492500039135,Accras de morue à la créole,180,France,"_Morue_ 50 %, huiles végétales (tournesol, colza), farine de _blé_, _œuf_, poivrons rouges, oignons préfrits (oignons, huile de tournesol), fécule de pomme de terre, eau, flocons de pomme de terre, huile d'olive vierge extra, persil, ail, agents levants (poudre à lever : E450i, E500ii, amidon de _froment_, farine de _froment_), blanc d'_œuf_ en poudre, épice et extrait d'épice 0,4 %.","en:crustaceans,en:eggs,en:fish,en:mustard","en:e450,en:e450i,en:e500,en:e500ii",4,c,929,12.1,1.24,2.18,1.22,11.7,1.76,0.704,https://static.openfoodfacts.org/images/products/349/250/003/9135/front_fr.13.400.jpg,https://static.openfoodfacts.org/images/products/349/250/003/9135/ingredients_fr.16.400.jpg,https://static.openfoodfacts.org/images/products/349/250/003/9135/nutrition_fr.15.400.jpg,,,,,,,,,,,,,,,,,,,,,,,,,,,,,,,,,,,,,,,,,,,,,,4
20162542,Filet de colin d'Alaska à la Provençale,400,"Belgique,France","55% filet de colin d'Alaska, 14% tomates, 8% courgette, huiles végétales (tournesol, cotza), eau, 3% poivrons, 3% fromage Edam, 1,5% aubergines, 1,5% olives noirs, granulés d'oignons., ail, yogourt doux, sel de cuisine, extrait de levure, amidon modifié, herbes (persil, origan), épices (poivre blanc, curcuma), doublé concentré de tomate, sucre, sirop de glucose séchée, dextrose, colorant: extrait de paprika.","en:fish,en:milk","en:e14xx,en:e160c",0,b,444,6.1,1.1,1.2,0,10.5,0.8,0.32,https://static.openfoodfacts.org/images/products/20162542/front_fr.15.400.jpg,https://static.openfoodfacts.org/images/products/20162542/ingredients_fr.28.400.jpg,https://static.openfoodfacts.org/images/products/20162542/nutrition_fr.31.400.jpg,,,,,,,,,,,,,,,,,,,,,,,,,,,,,,,,,,,,,,,,,,,,,,0
6130816010048,Thon entier Premium,65,Algérie,"Thon, huile végétale, saumure.",en:fish,no additives,-2,a,828,8.21,0.8,1.2,0,29.14,0,0,https://static.openfoodfacts.org/images/products/613/081/601/0048/front_fr.8.400.jpg,https://static.openfoodfacts.org/images/products/613/081/601/0048/ingredients_fr.10.400.jpg,https://static.openfoodfacts.org/images/products/613/081/601/0048/nutrition_fr.13.400.jpg,,,,,,,,,,,,,,,,,,,,,,,,,,,,,,,,,,,,,,,,,,,,,,
5400112275306,Surimi et crabe en sauce cocktail,185,"Belgium,France","surimi 41 % [_poisson_, eau, amidon de pomme de terre, blanc d'_œuf_, huile de colza, sel, sucre, stabilisants (E420, E452), arôme de _homard_, colorants (E160a, E160c)I, huile de colza, _crabe_ 8%, ananas 6%, concentré de tomates, sucre, mandarine 4%, jaune d'_œuf_, pêche 1%, vinaigre, _moutarde_, whisky, sel, amidon modifié de maïs, correcteur d'acidité (E330), épaississants(E412, E415), arôme, conservateurs (E202, E211).","en:crustaceans,en:eggs,en:fish,en:mustard","en:e14xx,en:e160a,en:e160c,en:e202,en:e211,en:e330,en:e412,en:e415,en:e420,en:e452",1,b,1264,26.8,1.7,2.3,0.1,5.6,0.2,0.08,https://static.openfoodfacts.org/images/products/540/011/227/5306/front_fr.4.400.jpg,https://static.openfoodfacts.org/images/products/540/011/227/5306/ingredients_fr.21.400.jpg,https://static.openfoodfacts.org/images/products/540/011/227/5306/nutrition_fr.18.400.jpg,,,,,,,,,,,,,,,,,,,,,,,,,,,,,,,,,,,,,,,,,,,,,,1
3263858579112,Filets de cabillaud panés,220,France,Filets de _cabillaud_ qualité sans arêtes* (Gadus morhua ou Gadus macroéphalus) 65% - chapelure (farine de _blé_ - levure - sel) - huiles végétales (tournesol - colza) - farine de _blé_ - eau - gluten de _blé_ - sel.,en:fish,no additives,-1,a,874,8.69,0.8,1.5,0,13.1,0.5,0.2,https://static.openfoodfacts.org/images/products/326/385/857/9112/front_fr.16.400.jpg,https://static.openfoodfacts.org/images/products/326/385/857/9112/ingredients_fr.11.400.jpg,https://static.openfoodfacts.org/images/products/326/385/857/9112/nutrition_fr.21.400.jpg,,,,,,,,,,,,,,,,,,,,,,,,,,,,,,,,,,,,,,,,,,,,,,-1
3596710453221,Rillettes de thon fromage frais et ciboulette,150,France,"dethon et fromage frais ingrédients Thon 35,77% ( poisson), saumon Atlantique (poisson), fromage frais 12,35% (contient lait origine France), fromage blanc (contient lait origine France), huiles végétales (huile de colza, huile de tournesol), eau, ciboulette 1,33% fumet de poisson (lactose, arômes naturels, poisson en poudre, sel, crème (contient lait), protéines de lait épices, plantes aromatiques, farine de ble (contient gluten) , concentré de tomates, sel éventuelles de mollusques, crustacés, moutarde, de sésame, fruits à coque, soja, sulfites, céleri,","en:celery,en:crustaceans,en:fish,en:gluten,en:milk,en:mustard,en:nuts,en:sesame-seeds,en:soybeans,en:sulphur-dioxide-and-sulphites",,5,c,1113,23,4.2,1.4,0,12,0.8,0.32,https://static.openfoodfacts.org/images/products/359/671/045/3221/front_fr.4.400.jpg,https://static.openfoodfacts.org/images/products/359/671/045/3221/ingredients_fr.10.400.jpg,https://static.openfoodfacts.org/images/products/359/671/045/3221/nutrition_fr.7.400.jpg,,,,,,,,,,,,,,,,,,,,,,,,,,,,,,,,,,,,,,,,,,,,,,5
8436007952271,Calmars à l'encre,110,Portugal,"Calmar, huile végétale, encre, épices, sel",en:fish,no additives,-2,a,561,7.7,1,0,0,11.8,0.48,0.192,https://static.openfoodfacts.org/images/products/843/600/795/2271/front_fr.7.400.jpg,https://static.openfoodfacts.org/images/products/843/600/795/2271/ingredients_fr.8.400.jpg,https://static.openfoodfacts.org/images/products/843/600/795/2271/nutrition_fr.14.400.jpg,,,,,,,,,,,,,,,,,,,,,,,,,,,,,,,,,,,,,,,,,,,,,,-2
8426920010400,Miettes de thon à la tomate,185,France,"Thon, tomate, huile végétale, sucre, sel et arôme naturel.",en:fish,no additives,2,b,649,8.5,1.5,2,0.4,16.9,1.27,0.508,https://static.openfoodfacts.org/images/products/842/692/001/0400/front_fr.7.400.jpg,https://static.openfoodfacts.org/images/products/842/692/001/0400/ingredients_fr.8.400.jpg,https://static.openfoodfacts.org/images/products/842/692/001/0400/nutrition_fr.9.400.jpg,,,,,,,,,,,,,,,,,,,,,,,,,,,,,,,,,,,,,,,,,,,,,,2
20466862,Filets de limande du Nord meunière,200,France,"filets de _limande du Nord sans arète* (72%). Enrobage 28% : eau, huiles végétales (tournesol, colza), farine de _blé_, fécule de pomme de terre, amidon modifié de maïs, _gluten_ de _blé_, sel, _lactose_ et protéines de _lait_, arôme, sucre, dextrose, persil déshydraté, colorants : carotène et extraits de paprika et de curcuma, poudre d'_œuf_ entier, épaississants : E461-E412-E415; amidon modifié de tapioca, poudres à lever : E450i-E500ii.","en:eggs,en:gluten,en:milk","en:e14xx,en:e160a,en:e412,en:e415,en:e450,en:e450i,en:e461,en:e500,en:e500ii",1,b,732,8.2,0.8,0.6,0,12,0.95,0.38,https://static.openfoodfacts.org/images/products/20466862/front_fr.33.400.jpg,https://static.openfoodfacts.org/images/products/20466862/ingredients_fr.35.400.jpg,https://static.openfoodfacts.org/images/products/20466862/nutrition_fr.11.400.jpg,,,,,,,,,,,,,,,,,,,,,,,,,,,,,,,,,,,,,,,,,,,,,,1
3276170016333,Petits coraya sauce mayonnaise,210,France,"Mayonnaise: Huile de colza, moutarde de Dijon (eau, graines de moutarde, vinaigre d'alcool, sel, acidifiant : E330, conservateur E224*), eau, jaune d'euf salé (jaune d'auf, sel), sirop de amidon modifié de maïs&quot;, jus concentré de citron, stabilisants glucose-fructose*, vinaigre d'alcool, vinaigre de vin blanc*, F415 et E412, colorant: E160a, antioxydant : E385","en:crustaceans,en:eggs,en:fish,en:gluten,en:mustard,en:sulphur-dioxide-and-sulphites","en:e160a,en:e224,en:e330,en:e385,en:e412",2,b,469,4.2,0.3,2.3,0,8.2,1.5,0.6,https://static.openfoodfacts.org/images/products/327/617/001/6333/front_fr.17.400.jpg,https://static.openfoodfacts.org/images/products/327/617/001/6333/ingredients_fr.37.400.jpg,https://static.openfoodfacts.org/images/products/327/617/001/6333/nutrition_fr.33.400.jpg,,,,,,,,,,,,,,,,,,,,,,,,,,,,,,,,,,,,,,,,,,,,,,2
3256220313643,Filets de merlu blanc meunière,450,France,"Filets de MERLU blanc du Cap MSC 80% (Merluccius capensis - Merluccius pardoxus), huiles végétales (tournesol, colza), eau semoule de BLE, farine de BLE, amidon transformé de BLE, sel, LACTOSE, poudre de LAIT écrémé, poudre de citron (maltodextrine, citron) 0,13%, arôme, persil 0,07%, dextrose, amidon modifié. Traces éventuelles d'oeuf.","en:fish,en:gluten,en:milk",en:e14xx,-1,a,655,7.1,0.9,0.9,0.5,15,0.76,0.304,https://static.openfoodfacts.org/images/products/325/622/031/3643/front_fr.32.400.jpg,https://static.openfoodfacts.org/images/products/325/622/031/3643/ingredients_fr.34.400.jpg,https://static.openfoodfacts.org/images/products/325/622/031/3643/nutrition_fr.36.400.jpg,,,,,,,,,,,,,,,,,,,,,,,,,,,,,,,,,,,,,,,,,,,,,,-1
3165957953018,Filets de Maquereaux (Moutarde à l'Ancienne et au Citron,169,France,"Filets de _maquereaux_ 56 %, eau, moutarde de Dijon 5 % (eau, graines de _moutarde_, vinaigre d'alcool, sel, acidifiant : acide citrique, antioxydant : _bisulfite_ de sodium ou _bisulfite_ de potassium), vinaigre d'alcool, huile végétale, moutarde à l'ancienne (eau 3 %, graines de _moutarde_, vinaigre d'alcool, sel, extrait d'épices et d'aromates, curcuma), arômes, jus de citron concentré 0.6 %, sel, amidon transformé de maïs, épaississants : gomme guar et gomme xanthane.",en:mustard,"en:e14xx,en:e222,en:e228,en:e330,en:e412,en:e415",11,d,841,17,3.4,0.4,0.7,11.4,1.5,0.6,https://static.openfoodfacts.org/images/products/316/595/795/3018/front_fr.6.400.jpg,https://static.openfoodfacts.org/images/products/316/595/795/3018/ingredients_fr.8.400.jpg,https://static.openfoodfacts.org/images/products/316/595/795/3018/nutrition_fr.10.400.jpg,,,,,,,,,,,,,,,,,,,,,,,,,,,,,,,,,,,,,,,,,,,,,,11
3292590844332,Croquettes au colin d'Alaska,300,France,"morceaux de filets de colin d'Alaska MSC* (47,8%), farine de blé, huiles végétales (colza, amidons, flocons de pomme de terre (1,4%), fines herbes (1%) (ciboulette, persil), sel, stabilisant poudre, sucre, ail en poudre (0,2%), purée d'ail (0,1 0%), épices (curcuma, paprika, noix de *Colin d'Alaska (Theragra Chalcogramma). Présence éventue//e de moutarde, lait et graines de sésame. &quot;Malgré tout le soin apporté à la préparation de nos poissons, la présence exceptionnelle d'arêtes n'est pas exclue. Nous vous invitons à vérifier les bouchées destinées aux enfants en bas-âge.","en:gluten,en:milk,en:sesame-seeds",no additives,1,b,904,10,0.8,3.2,0,8.7,1.1,0.44,https://static.openfoodfacts.org/images/products/329/259/084/4332/front_fr.4.400.jpg,https://static.openfoodfacts.org/images/products/329/259/084/4332/ingredients_fr.16.400.jpg,https://static.openfoodfacts.org/images/products/329/259/084/4332/nutrition_fr.10.400.jpg,,,,,,,,,,,,,,,,,,,,,,,,,,,,,,,,,,,,,,,,,,,,,,1
20842284,2 petits poissons panés au fromage fondu Colin d'Alaska MSC,200,France,"Préparation à base de colin d'Alaska MSC 70% : _colin_ d'Alaska 35%, eau, _fromage_ fondu 11% (_fromage_, eau, _beurre_, poudre de _lactosérum_, protéines de _lait_, sels de fonte : E331-E339-E452, sel, gélifiants : E407-E401), base pomme de terre déshydratée (pomme de terre, sel, blanc d'_œuf_ en poudre, plante aromatique), épaississant : E461, Enrobage 30% : chapelure (farine de _blé_, levure, sel, épices : curcuma, paprika), enrobant (eau, farine de blé), huiles végétales (tournesol, colza). [% exprimés sur la totalité du produit.]","en:eggs,en:fish,en:gluten,en:milk","en:e331,en:e339,en:e401,en:e407,en:e452,en:e461",5,c,883,9.4,2.4,1.6,0,9.7,1.44,0.576,https://static.openfoodfacts.org/images/products/20842284/front_fr.5.400.jpg,https://static.openfoodfacts.org/images/products/20842284/ingredients_fr.13.400.jpg,https://static.openfoodfacts.org/images/products/20842284/nutrition_fr.7.400.jpg,,,,,,,,,,,,,,,,,,,,,,,,,,,,,,,,,,,,,,,,,,,,,,5
3596710303809,Accras à La Morue,220,France,"10 acras à la morue frits avec sauce rougail (à base de tomates et de piment) ingrédients Acras à la morue frits 91 % : flocons de pomme de terre réhydratés 39, 1% (eau, wnmes de Èrre, émulsifiant • mono - et diglycérides d'acides gras), pulpe de morue (poisson) fecule de pomme de terre, huile de tournesol, ail, oignon déshydraté, persil 1.3 blanc d'œuf en poudre, sel, poivre blanc, épice (piment fort). Sauce rougail (à base de tomates et de piment) 9% : eau, sucre, oignon, concentré de tomate 0,6%, amidon modifié de pomme de terre, vinaigre d'alcool (contient sulfites), sel. purée de piment 0, (piment 0,1 %, sel, vinaigre), acidifiant : acide citrique, conservateur : sorbate de potassium, arôme naturel. Pourcentages exprimés sur le total de la recette. Traces éventuelles de gluten, moutarde et de lait.",en:fish,"en:e14xx,en:e202,en:e330,en:e471",3,c,849,10.1,1.1,3.79,0,9.39,1.28,0.51,https://static.openfoodfacts.org/images/products/359/671/030/3809/front_fr.11.400.jpg,https://static.openfoodfacts.org/images/products/359/671/030/3809/ingredients_fr.7.400.jpg,https://static.openfoodfacts.org/images/products/359/671/030/3809/nutrition_fr.15.400.jpg,,,,,,,,,,,,,,,,,,,,,,,,,,,,,,,,,,,,,,,,,,,,,,3
3250390686361,Surimi,200,France,"Surimi 38% (chair de poisson, stabilisants : sorbitol, sucre, polyphosphates), eau, blanc d'oeuf réhydraté, huile végétale, amidon de blé, fécule de pomme de terre, sel, arôme crabe (dont crustacés), sucre, exhausteur de goût : monoglutamate de sodium, colorant : extrait de paprika. Trace éventuelles de soja, mollusques, moutarde et lait.","en:crustaceans,en:eggs,en:fish,en:gluten,en:milk,en:molluscs,en:mustard,en:soybeans","en:e160c,en:e420,en:e420i,en:e452,en:e621",4,c,506,5,0.5,3.2,0,7.4,1.7,0.68,https://static.openfoodfacts.org/images/products/325/039/068/6361/front_fr.4.400.jpg,https://static.openfoodfacts.org/images/products/325/039/068/6361/ingredients_fr.7.400.jpg,https://static.openfoodfacts.org/images/products/325/039/068/6361/nutrition_fr.12.400.jpg,,,,,,,,,,,,,,,,,,,,,,,,,,,,,,,,,,,,,,,,,,,,,,4
3492500059379,Croquettes de morue,240,France,"_Morue_ 41 %, pommes de terre précuites (pommes de terre, sel) 31 %, huiles végétales (tournesol, colza), oignons, flocon de pomme de terre, _œuf_, _crème_, levure chimique (poudre à lever : E450i, E500ii, amidon de _froment_), blanc d'_œuf_ en poudre, persil, ail déshydraté, sucre, épices.","en:eggs,en:fish,en:gluten,en:milk","en:e450,en:e450i,en:e500,en:e500ii",-1,a,532,5.83,0.5,0.64,0.51,8.86,0.78,0.312,https://static.openfoodfacts.org/images/products/349/250/005/9379/front_fr.7.400.jpg,https://static.openfoodfacts.org/images/products/349/250/005/9379/ingredients_fr.18.400.jpg,https://static.openfoodfacts.org/images/products/349/250/005/9379/nutrition_fr.21.400.jpg,,,,,,,,,,,,,,,,,,,,,,,,,,,,,,,,,,,,,,,,,,,,,,-1
3292590844592,Filets de Merlu Blanc du Cap Meunière Citron-Persil,600,France,"Filets de Merlu blanc du cap sans arête (_Poisson_) 80 %, Huiles végétales 10 % (huile de tournesol, huile de tournesol oléique, huile de colza), eau, semoule de blé (_Gluten_), farine de blé (_Gluten_), amidon transformé de blé (_Gluten_), sel, lactose (_Lait_), lait écrémé en poudre (_Lait_), citron en poudre 0,1 % (maltodextrine, citron), arôme naturel de citron et autres arômes naturels, persil 0.1%, dextrose, amidon transformé","en:fish,en:gluten,en:milk",en:e14xx,-1,a,628,6.6,0.8,0.9,0,15,0.76,0.304,https://static.openfoodfacts.org/images/products/329/259/084/4592/front_fr.4.400.jpg,https://static.openfoodfacts.org/images/products/329/259/084/4592/ingredients_fr.8.400.jpg,,,,,,,,,,,,,,,,,,,,,,,,,,,,,,,,,,,,,,,,,,,,,,,-1
8410705011898,Buñuelos de bacalao,350,España,"Agua, harina de trigo, aceite de girasol, bacalao (6%), pescado blanco (5 %) , suero de leche, gasificantes (E 450, bicarbonato sódico), almidon de trigo, perejil, cebollino, huevo en polvo, ajo, sal, espesante (E 415) y emulgente (E 472e).",en:gluten,"en:e415,en:e450,en:e472e,en:e500,en:e500ii",22,e,4025,11,2.2,2.9,0.6,6.7,2.3,0.92,https://static.openfoodfacts.org/images/products/841/070/501/1898/front_es.25.400.jpg,https://static.openfoodfacts.org/images/products/841/070/501/1898/ingredients_es.17.400.jpg,https://static.openfoodfacts.org/images/products/841/070/501/1898/nutrition_es.13.400.jpg,,,,,,,,,,,,,,,,,,,,,,,,,,,,,,,,,,,,,,,,,,,,,,22
20842284,2 petits poissons panés au fromage fondu Colin d'Alaska MSC,200,France,"Préparation à base de colin d'Alaska MSC 70% : _colin_ d'Alaska 35%, eau, _fromage_ fondu 11% (_fromage_, eau, _beurre_, poudre de _lactosérum_, protéines de _lait_, sels de fonte : E331-E339-E452, sel, gélifiants : E407-E401), base pomme de terre déshydratée (pomme de terre, sel, blanc d'_œuf_ en poudre, plante aromatique), épaississant : E461, Enrobage 30% : chapelure (farine de _blé_, levure, sel, épices : curcuma, paprika), enrobant (eau, farine de blé), huiles végétales (tournesol, colza). [% exprimés sur la totalité du produit.]","en:eggs,en:fish,en:gluten,en:milk","en:e331,en:e339,en:e401,en:e407,en:e452,en:e461",5,c,883,9.4,2.4,1.6,0,9.7,1.44,0.576,https://static.openfoodfacts.org/images/products/20842284/front_fr.5.400.jpg,https://static.openfoodfacts.org/images/products/20842284/ingredients_fr.13.400.jpg,https://static.openfoodfacts.org/images/products/20842284/nutrition_fr.7.400.jpg,,,,,,,,,,,,,,,,,,,,,,,,,,,,,,,,,,,,,,,,,,,,,,5
3564700497425,Rillettes de thon,150,France,"Thon 42 %, huiles végétales (colza, tournesol) en proportions variables, poissons 16 %, eau, protéines de lait, fécule de manioc, extrait de thon, sel, échalote 0,8 %, jus de citron déshydraté,tomates déshydratées en poudre, fibre de blé.  Traces de crustacés, œufs, soja, céleri, mollusques et moutarde.","en:fish,en:gluten,en:milk",no additives,3,c,1189,24,2.1,0.5,0.5,15,0.7,0.28,https://static.openfoodfacts.org/images/products/356/470/049/7425/front_fr.38.400.jpg,https://static.openfoodfacts.org/images/products/356/470/049/7425/ingredients_fr.15.400.jpg,https://static.openfoodfacts.org/images/products/356/470/049/7425/nutrition_fr.40.400.jpg,,,,,,,,,,,,,,,,,,,,,,,,,,,,,,,,,,,,,,,,,,,,,,3
8436541130517,Mejillones fritos en salsa de Cabrales,110,España,"Mejillones (mytilus galloprovincialis), salsa cabrales 35% (nata ligera (nata, almidón modificado, emulgente E-471, estabilizantes E-415, E-451, E-460 y E-46), queso cabrales 7% (leche crudo de vaca, cuajo, fermento y sal) y leche entera pasteurizada).",en:molluscs,"en:e14xx,en:e415,en:e451,en:e460,en:e471",15,d,686,8.4,6.7,2.2,0,15.5,1.78,0.712,https://static.openfoodfacts.org/images/products/843/654/113/0517/front_es.4.400.jpg,https://static.openfoodfacts.org/images/products/843/654/113/0517/ingredients_es.8.400.jpg,https://static.openfoodfacts.org/images/products/843/654/113/0517/nutrition_es.11.400.jpg,,,,,,,,,,,,,,,,,,,,,,,,,,,,,,,,,,,,,,,,,,,,,,15
3222476920997,Filet de colin meunière,200,France,"Filet de colin d'Alaska (poisson) 75%. Enrobage 25% : eau - huiles végétales (tournesol, colza) - farine de blé - fécule de pomme de terre - amidon modifié de mais - sel - gluten de blé - sucre-Iactose et protéines de lait - arômes-dextrose - poudre d'oenf entier - persil déshydraté 0,08% - colorants (carotène - extraits de paprika et de curcuma) - épaississants (méthylcellulose - gomme guar - gomme xanthane) - amidon modifie de tapioca - poudres à lever (diphosphate disodique - carbonate acide de sodium).",nothing,"en:e14xx,en:e160a,en:e160c,en:e412,en:e415,en:e450,en:e450i,en:e461,en:e500,en:e500ii",1,b,682,6.8,0.7,1.5,0.8,13,1.1,0.44,https://static.openfoodfacts.org/images/products/322/247/692/0997/front_fr.4.400.jpg,https://static.openfoodfacts.org/images/products/322/247/692/0997/ingredients_fr.10.400.jpg,https://static.openfoodfacts.org/images/products/322/247/692/0997/nutrition_fr.12.400.jpg,,,,,,,,,,,,,,,,,,,,,,,,,,,,,,,,,,,,,,,,,,,,,,1
3283260108007,Rillettes de thon,150,France,"Thon listao 47%, poisson blanc 16%, huiles végétales (coiza et tournesol en proportion variable), eau, protéine de lactosérum, fécule, sel, échalote, jus de citron en poudre (jus concentré de citron, maltodextrine), tomate déshydratée, fibre de blé. % exprimés sur la totalité du produit. Traces possibles de crustacés, oeuf, soja, céleri, moutarde, mollusques.","en:fish,en:gluten,en:milk",no additives,2,b,1059,20.6,1.78,0.35,0.55,14.7,0.88,0.352,https://static.openfoodfacts.org/images/products/328/326/010/8007/front_fr.63.400.jpg,https://static.openfoodfacts.org/images/products/328/326/010/8007/ingredients_fr.64.400.jpg,https://static.openfoodfacts.org/images/products/328/326/010/8007/nutrition_fr.65.400.jpg,,,,,,,,,,,,,,,,,,,,,,,,,,,,,,,,,,,,,,,,,,,,,,2
3492500026258,Panés ou colin d'Alaska,200,France,"Préparation à base de colin d'Alaska 70% : colin d'Alaska 59%, eau, amidon modifié, sel, épaississant : E461. Panure 30% : chapelure (farine de blé, levure, sel, épices : curcuma, paprika), enrobant (eau, farine de blé), huiles végétales (tournesol, colza). [% exprimés sur la totalité du produit.] Les informations en gras sont destinées aux personnes intolérantes ou allergiques. Peut contenir du lait, œuf, soja, céleri, mollusques. (*) Malgré tout le soin apporté à la préparation de nos produits, la présence exceptionnelle d'arêtes n'est jamais exclue.",en:fish,"en:e14xx,en:e461",0,b,808,7.9,0.7,0.7,0.8,11.2,0.8,0.32,https://static.openfoodfacts.org/images/products/349/250/002/6258/front_fr.17.400.jpg,https://static.openfoodfacts.org/images/products/349/250/002/6258/ingredients_fr.11.400.jpg,https://static.openfoodfacts.org/images/products/349/250/002/6258/nutrition_fr.23.400.jpg,,,,,,,,,,,,,,,,,,,,,,,,,,,,,,,,,,,,,,,,,,,,,,0
3250390021544,Croquettes de poisson panées,300,France,"Chair de poisson 47%, eau, farine de blé, huile végétale de tournesol, flocons de pomme de terre (pomme de terre, émulsifiant : mono - et diglycérides d'acides gras, épice (curcuma)), fines herbes 1.5% (persil, ciboulette), fécule de pomme de terre, arômes, ail déshydraté 0.5%, émulsifiant (méthylcellulose), sel, levure, épices (paprika, curcuma), amidons (pomme de terre, blé)",en:gluten,"en:e461,en:e471",-1,a,782,8.5,1,0.7,0,9.2,0.63,0.252,https://static.openfoodfacts.org/images/products/325/039/002/1544/front_fr.15.400.jpg,https://static.openfoodfacts.org/images/products/325/039/002/1544/ingredients_fr.7.400.jpg,https://static.openfoodfacts.org/images/products/325/039/002/1544/nutrition_fr.9.400.jpg,,,,,,,,,,,,,,,,,,,,,,,,,,,,,,,,,,,,,,,,,,,,,,-1
3258561412894,Poisson a la provencale 400G.,400,France,"Filet de _colin d'Alaska_ sans arête (50 %), eau, tomates (6 %), _crème_ fraîche légère (3 %), poivrons (3 %), courgettes (2,5 %), oignons, concentré de tomates, tomates en poudre, sucre, amidon modifié, persil, sirop de glucose, amidon, sel, épices, assaisonnement, arôme, émulsifiant (E472c), acidifiant: acide citrique, herbes.","en:fish,en:milk","en:e14xx,en:e330,en:e472c",-4,a,268,1.29,0.89,1.89,0.6,9.19,0.34,0.13,https://static.openfoodfacts.org/images/products/325/856/141/2894/front_fr.4.400.jpg,https://static.openfoodfacts.org/images/products/325/856/141/2894/ingredients_fr.16.400.jpg,https://static.openfoodfacts.org/images/products/325/856/141/2894/nutrition_fr.21.400.jpg,,,,,,,,,,,,,,,,,,,,,,,,,,,,,,,,,,,,,,,,,,,,,,-4
3700966555404,Pané Colin d’Alaska,200,France,"Préparation à base de filets de colin d'Alaska MSC* (65%) : filets de _colin_ d’Alaska MSC (62%), amidon modifié, épaississant : E461, sel.     Panure (35%) : chapelure (farine de _blé_, levure, sel), enrobant (eau, farine de _blé_), huiles végétales (tournesol, colza).     Malgré tout le soin apporté à la préparation de nos produits, la présence d'arêtes n'est jamais exclue.     *le colin d'Alaska dans ce produit provient d'une pêcherie qui a répondu au référentiel environnemental du MSC pour une pêche durable et bien gérée. www.msc.org/fr","en:fish,en:gluten","en:e14xx,en:e461",-1,a,933,11.4,1.2,0.5,1.6,11.9,0.6,0.24,https://static.openfoodfacts.org/images/products/370/096/655/5404/front_fr.11.400.jpg,https://static.openfoodfacts.org/images/products/370/096/655/5404/ingredients_fr.8.400.jpg,https://static.openfoodfacts.org/images/products/370/096/655/5404/nutrition_fr.14.400.jpg,,,,,,,,,,,,,,,,,,,,,,,,,,,,,,,,,,,,,,,,,,,,,,-1
3256222977881,Filets de cabillaud panés,500,France,"Filet de CABILLAUD (Gadus morhua) pêché en Atlantique Nord Est 65%.Panure 35% : farine de BLE, huiles végétales de tournesol et de colza, eau, sel, GLUTEN DE BLE, levure, extrait de levure.Traces éventuelles de lait, oeuf et mollusques.","en:fish,en:gluten",no additives,-2,a,816,7.5,0.8,1,1,12,0.472,0.18,https://static.openfoodfacts.org/images/products/325/622/297/7881/front_fr.36.400.jpg,https://static.openfoodfacts.org/images/products/325/622/297/7881/ingredients_fr.38.400.jpg,https://static.openfoodfacts.org/images/products/325/622/297/7881/nutrition_fr.40.400.jpg,,,,,,,,,,,,,,,,,,,,,,,,,,,,,,,,,,,,,,,,,,,,,,-2
20842284,2 petits poissons panés au fromage fondu Colin d'Alaska MSC,200,France,"Préparation à base de colin d'Alaska MSC 70% : _colin_ d'Alaska 35%, eau, _fromage_ fondu 11% (_fromage_, eau, _beurre_, poudre de _lactosérum_, protéines de _lait_, sels de fonte : E331-E339-E452, sel, gélifiants : E407-E401), base pomme de terre déshydratée (pomme de terre, sel, blanc d'_œuf_ en poudre, plante aromatique), épaississant : E461, Enrobage 30% : chapelure (farine de _blé_, levure, sel, épices : curcuma, paprika), enrobant (eau, farine de blé), huiles végétales (tournesol, colza). [% exprimés sur la totalité du produit.]","en:eggs,en:fish,en:gluten,en:milk","en:e331,en:e339,en:e401,en:e407,en:e452,en:e461",5,c,883,9.4,2.4,1.6,0,9.7,1.44,0.576,https://static.openfoodfacts.org/images/products/20842284/front_fr.5.400.jpg,https://static.openfoodfacts.org/images/products/20842284/ingredients_fr.13.400.jpg,https://static.openfoodfacts.org/images/products/20842284/nutrition_fr.7.400.jpg,,,,,,,,,,,,,,,,,,,,,,,,,,,,,,,,,,,,,,,,,,,,,,5
40111315,Twix,60,"Danmark,Frankrig","farine de blé (29%), sucre, matière grasse de palme, sirop de glucose, beurre de cacao, lait écrémé en poudre, pâte de cacao, farine d'orge (2.8%), humectants (E420, E422), beurre concentré (lait), lactose, petit-lait en poudre, sirop de glucose-fructose poudre à lever (E500), sel, cacao maigre, émulsifiants (lécithine de soja E442), stabilisant (E407), extrait naturel de vanille. (Peut contenir: cacahuète).","en:milk,en:soybeans","en:e322,en:e322i,en:e407,en:e420,en:e422,en:e500",26,e,2071,24,19,48,0,4.4,0,0,https://static.openfoodfacts.org/images/products/40111315/front_fr.11.400.jpg,https://static.openfoodfacts.org/images/products/40111315/ingredients_fr.9.400.jpg,https://static.openfoodfacts.org/images/products/40111315/nutrition_fr.10.400.jpg,,,,,,,,,,,,,,,,,,,,,,,,,,,,,,,,,,,,,,,,,,,,,,26
3222476322357,Filets de maquereaux au citron et à l'olive,176,France,"Filets de _maquereaux_ cuits au court-bouillon (filets de _maquereaux_ 59% - sel - épices et aromates) - jus de citron 10% - eau - citron 3,9% - huile de colza - olives vertes 2,8% (olives vertes - sel - acidifiant : acide lactique) - carottes - huile d'olive vierge extra 1,9% - sucre - vinaigre d'alcool - sel - jus de citron concentré 0,5% - vinaigre de vin blanc (dont _sulfites_) - herbes de provence - vin blanc (dont _sulfites_) - protéines de _lait_ - épaississant : gomme xanthane - dextrose de blé - émulsifiant : mono et diglycérides d'acides gras - fécule de manioc - arômes naturels - poivre - arôme. traces de _moutarde_.","en:fish,en:gluten,en:milk,en:sulphur-dioxide-and-sulphites","en:e270,en:e415,en:e471",12,d,903,16,3.3,2.8,0,13,1.6,0.64,https://static.openfoodfacts.org/images/products/322/247/632/2357/front_fr.19.400.jpg,https://static.openfoodfacts.org/images/products/322/247/632/2357/ingredients_fr.20.400.jpg,https://static.openfoodfacts.org/images/products/322/247/632/2357/nutrition_fr.10.400.jpg,,,,,,,,,,,,,,,,,,,,,,,,,,,,,,,,,,,,,,,,,,,,,,12
3263858407118,Filets de colin d’alaska meunière,400,France,"Filets de colin d'Alaska meunière, préfrits, surgelés Ingrédients Filet de colin d'Alaska (Theragra chalcogramma) 80%. Enrobage 20% : farine de blé - huiles végétales (tournesol, colza) - eau - amidon transformé de blé - sel - arômes - sucre - épaississants : gomme guar, gomme xanthane, methylcellulose - lactose et protéines de lait - dextrose - poudre à lever : diphophate disodique, carbonate acide de sodium - amidon transformé de tapioca - persil. Traces d'oeuf, mollusques. Les informations en gras sont destinées aux personnes allergiques ou intolérantes.",en:milk,"en:e14xx,en:e412,en:e415,en:e461,en:e500,en:e500ii",-1,a,699,8.5,0.8,1.5,0,13,0.65,0.26,https://static.openfoodfacts.org/images/products/326/385/840/7118/front_fr.12.400.jpg,https://static.openfoodfacts.org/images/products/326/385/840/7118/ingredients_fr.13.400.jpg,https://static.openfoodfacts.org/images/products/326/385/840/7118/nutrition_fr.14.400.jpg,,,,,,,,,,,,,,,,,,,,,,,,,,,,,,,,,,,,,,,,,,,,,,-1
5602315005005,"Thon H.veg. Bom Amigo 120Gr.,",4,France,"Thon (65%), Huile Végétale (tournesol) 34%, Sel",en:fish,no additives,-2,a,824,11.3,1.3,0,0,24.4,0,0,https://static.openfoodfacts.org/images/products/560/231/500/5005/front_fr.4.400.jpg,https://static.openfoodfacts.org/images/products/560/231/500/5005/ingredients_fr.14.400.jpg,https://static.openfoodfacts.org/images/products/560/231/500/5005/nutrition_fr.10.400.jpg,,,,,,,,,,,,,,,,,,,,,,,,,,,,,,,,,,,,,,,,,,,,,,-2
3596710358052,Colin d’Alaska façon meunière,200,France,"Filets de Colin d'Alaska ( _poisson_ ) 77%, farine de blé (contient _gluten_ ), huiles végétales (tournesol, colza), eau, amidon modifié de maïs, amidon modifié de pomme de terre, sel, _gluten_ de blé, fécules de pomme de terre, lactose (contient _lait_ ) et protéines de _lait_ ; épaississants : méthylcellulose, gomme guar, gomme xanthane ; arômes : dextrose ; colorants : caroténoïdes, extrait de paprika, curcumine ; sucre ; persil déshydraté 0.08%, amidon de tapioca, poudre à lever, diphosphates, carbonate de sodium, poudre d'_oeuf_ entier.","en:eggs,en:fish,en:gluten,en:milk","en:e100,en:e14xx,en:e160,en:e160c,en:e412,en:e415,en:e450,en:e461,en:e500,en:e500i",0,b,665,6.2,0.6,0.7,0.8,15.9,1.1,0.44,https://static.openfoodfacts.org/images/products/359/671/035/8052/front_fr.19.400.jpg,https://static.openfoodfacts.org/images/products/359/671/035/8052/ingredients_fr.24.400.jpg,https://static.openfoodfacts.org/images/products/359/671/035/8052/nutrition_fr.30.400.jpg,,,,,,,,,,,,,,,,,,,,,,,,,,,,,,,,,,,,,,,,,,,,,,0
3596710375981,"Les P'tits panés, poisson au fromage fondu",2,France,"Colin d'alaska 35%, eau, Chapelure 16%,(farine de BLE, levure, sel, épices:curcuma, paprika), fromage fondu 11%(lait, eau,beurre, poudre de lactosérum,protéines de lait,sels, émulsifiants:citrates de sodium,phosphates de sodium, polyphosphates, sel, gélifiants:carraghénanes, alginates de sodium, huiles végétales (tournesol, colza), préparation à base de pommes de terre déshydratées (pommes de terre déshydratées, sel, blancs d'oeufs en poudre, aromate), farine de blé,épaississant: méthylcellulose.","en:fish,en:gluten,en:milk","en:e331,en:e339,en:e401,en:e407,en:e452,en:e461",4,c,883,9.4,2.4,1.6,1.9,9.7,1.4,0.56,https://static.openfoodfacts.org/images/products/359/671/037/5981/front_fr.9.400.jpg,https://static.openfoodfacts.org/images/products/359/671/037/5981/ingredients_fr.10.400.jpg,https://static.openfoodfacts.org/images/products/359/671/037/5981/nutrition_fr.17.400.jpg,,,,,,,,,,,,,,,,,,,,,,,,,,,,,,,,,,,,,,,,,,,,,,4
5601721711012,Manna Sardinenpaste,65,France,"Sardines 40%, maquereau 20%, huile végétale, eau, concentré de tomate, protéine de soja, moutarde, épices et sel",en:fish,no additives,4,c,1255,25,4.9,0,1.9,16.29,0.8,0.32,https://static.openfoodfacts.org/images/products/560/172/171/1012/front_fr.8.400.jpg,https://static.openfoodfacts.org/images/products/560/172/171/1012/ingredients_fr.4.400.jpg,https://static.openfoodfacts.org/images/products/560/172/171/1012/nutrition_fr.16.400.jpg,,,,,,,,,,,,,,,,,,,,,,,,,,,,,,,,,,,,,,,,,,,,,,4
3258561412757,"Bat.poisson Pane X10 Bf,",300,France,"chair de _colin_ d'Alaska (Theragra chalcogramma) 65%, farine de _blé_, eau, huiles végétales (colza et tournesol), sel, paprika, levure.","en:fish,en:gluten",no additives,-1,a,812,9.39,0.72,0.8,0.9,11.3,0.6,0.24,https://static.openfoodfacts.org/images/products/325/856/141/2757/front_fr.8.400.jpg,https://static.openfoodfacts.org/images/products/325/856/141/2757/ingredients_fr.9.400.jpg,https://static.openfoodfacts.org/images/products/325/856/141/2757/nutrition_fr.16.400.jpg,,,,,,,,,,,,,,,,,,,,,,,,,,,,,,,,,,,,,,,,,,,,,,-1
3596710453221,Rillettes de thon fromage frais et ciboulette,150,France,"dethon et fromage frais ingrédients Thon 35,77% ( poisson), saumon Atlantique (poisson), fromage frais 12,35% (contient lait origine France), fromage blanc (contient lait origine France), huiles végétales (huile de colza, huile de tournesol), eau, ciboulette 1,33% fumet de poisson (lactose, arômes naturels, poisson en poudre, sel, crème (contient lait), protéines de lait épices, plantes aromatiques, farine de ble (contient gluten) , concentré de tomates, sel éventuelles de mollusques, crustacés, moutarde, de sésame, fruits à coque, soja, sulfites, céleri,","en:celery,en:crustaceans,en:fish,en:gluten,en:milk,en:mustard,en:nuts,en:sesame-seeds,en:soybeans,en:sulphur-dioxide-and-sulphites",no additives,5,c,1113,23,4.2,1.4,0,12,0.8,0.32,https://static.openfoodfacts.org/images/products/359/671/045/3221/front_fr.4.400.jpg,https://static.openfoodfacts.org/images/products/359/671/045/3221/ingredients_fr.10.400.jpg,https://static.openfoodfacts.org/images/products/359/671/045/3221/nutrition_fr.7.400.jpg,,,,,,,,,,,,,,,,,,,,,,,,,,,,,,,,,,,,,,,,,,,,,,5
3276170019143,Petit Coraya avec 1 Sauce Mayonnaise,210,"Belgique,France","chair de _poisson_ (40%), eau, blanc d'_œuf_ réhydraté, amidon de_blé_, huile de colza, fécule de pomme de terre, sucre, arômes naturels d'herbes, arômes naturels (_crustacés_,_blé_), sel, colorant : extrait de paprika    Sauce Mayonnaise : Huile de colza, MOUTARDE de Dijon (eau, graines de MOUTARDE, vinaigre d'alcool, sel, acidifiant: E330, conservateur:E224*), eau, jaune d'OEUF salé, sirop de glucose-fructose*, vinaigre d'alcool, vinaigre de vin blanc*, amidon modifié de maïs, jus concentré de citron, stabilisants:E415 et E412, colorant: E160a, antioxydant: E385. *Contient : SULFITES.","en:crustaceans,en:eggs,en:fish,en:gluten,en:mustard,en:sulphur-dioxide-and-sulphites","en:e14xx,en:e160a,en:e160c,en:e224,en:e330,en:e385,en:e412,en:e415",4,c,485,4.5,0.6,2.8,0,7.8,1.775,0.71,https://static.openfoodfacts.org/images/products/327/617/001/9143/front_fr.31.400.jpg,https://static.openfoodfacts.org/images/products/327/617/001/9143/ingredients_fr.36.400.jpg,https://static.openfoodfacts.org/images/products/327/617/001/9143/nutrition_fr.39.400.jpg,,,,,,,,,,,,,,,,,,,,,,,,,,,,,,,,,,,,,,,,,,,,,,4
3492500055647,Filets De Cabillaud Facon Fish And Chips,220,"France, en:af","Filets de _cabillaud_ sans arêtes 65 % pâte à beignet 35 % : eau, farine de _blé_, huiles végétales (tournesol, colza), farine de maïs, amidon de _blé_, amidon modifié de maïs, _gluten de blé_, sel, poudres à lever: E450i - E500i, poudre de _lait_ écrémé.","en:fish,en:gluten,en:milk","en:e14xx,en:e450,en:e450i,en:e500,en:e500i",2,b,782,9.13,0.93,0.47,0,13.5,1.17,0.468,https://static.openfoodfacts.org/images/products/349/250/005/5647/front_fr.16.400.jpg,https://static.openfoodfacts.org/images/products/349/250/005/5647/ingredients_fr.18.400.jpg,https://static.openfoodfacts.org/images/products/349/250/005/5647/nutrition_fr.10.400.jpg,,,,,,,,,,,,,,,,,,,,,,,,,,,,,,,,,,,,,,,,,,,,,,2
3282740203980,Gratin de morue Parmentier à la nordique,750,"France,en:france","Purée de pommes de terre en flocons 42,5% (pommes de terre réhydratées, émulsifiant : mono et diglycérides d'acides gras, extrait d'épice), morue 10,8% [cabillaud (poisson), sel], pommes de terre 9,8%, crème liquide 8,1% (lait), purée de pommes de terre 8,1% (pommes de terre, émulsifiant : mono et diglycérides d'acides gras, stabilisant : diphosphate disodique, curcuma), saumon 6,9% (poisson), eau, huile de colza, saumon fumé 1,9% [saumon (poisson), sel], ail 1,4%, chapelure 1,3% [farine de blé (gluten), farine de blé intégrale (gluten), eau, sel, levure], euf entier en poudre, sel, ciboulette 0,3%.",en:fish,"en:e450,en:e450i,en:e471",2,b,515,6.9,2.2,0.4,1.1,5.1,0.83,0.332,https://static.openfoodfacts.org/images/products/328/274/020/3980/front_fr.20.400.jpg,https://static.openfoodfacts.org/images/products/328/274/020/3980/ingredients_fr.23.400.jpg,https://static.openfoodfacts.org/images/products/328/274/020/3980/nutrition_fr.26.400.jpg,,,,,,,,,,,,,,,,,,,,,,,,,,,,,,,,,,,,,,,,,,,,,,2
3492500059867,Filets colin d'Alaska meunière,800,France,"Filets de colin d'Alaska 75%. Enrobage 25% : eau, huiles végétales (tournesol, colza), farine de ble, fécule de pomme de terre, amidon modifié de mais, sel, gluten de blé, sucre, lactose et protéines de lait, erdmes, dextrose, poudre d'euf entier, persil déshydraté, colorants: carotène et extraits de paprika et de Curcuma, épaississants: E461 - E412-E415, amidon modifié de tapioca, poudres à lever: E450i - E500i. [% exprimés sur la totalité du produit.] Traces possibles de mollusques, soja, céleri.",nothing,"en:e14xx,en:e160a,en:e412,en:e415,en:e450,en:e450i,en:e461,en:e500,en:e500i",2,b,674,6.8,0.7,1.5,0.7,12.9,1.13,0.452,https://static.openfoodfacts.org/images/products/349/250/005/9867/front_fr.8.400.jpg,https://static.openfoodfacts.org/images/products/349/250/005/9867/ingredients_fr.11.400.jpg,https://static.openfoodfacts.org/images/products/349/250/005/9867/nutrition_fr.16.400.jpg,,,,,,,,,,,,,,,,,,,,,,,,,,,,,,,,,,,,,,,,,,,,,,2
7610200375759,Canapé au saumon,80,Suisse,"Pain de blé clair 35% (farine de blé, eau, huile de colza, levure, protéine de blé, sel de cuisine iodé, vinaigre de table, sucre, levain déshydraté [avec blé], farine de malt d'orge, agent de traitement de la farine: acide ascorbique), saumon fumé 29% (saumon Atlantique d'élevage [Salmo salar, Norvège, élevage], sel de cuisine, sucre, transglutaminase), couverture en gelée (eau, sirop de glucose, épaississants: farine de graines de caroube et E407, sel de cuisine, sucre), mayonnaise au citron (huile de colza, eau, jaune d’œuf [d'élevage au sol], huile d'olive avec extrait de citron, vinaigre de table, sucre, zeste de citron 0.5%, jus de citron concentré, protéines de lait, sel de cuisine iodé, condiment en poudre, épaississants: amidon modifié de maïs visqueux, et E415), oignons 4.6%, mousse de raifort 3.5% (eau huile de colza et huile de palmiste, raifort 12% [avec conservateur: disulfite de sodium], sucre, lait écrémé en poudre, fécule modifiée de pommes de terre, arôme, jus de citron concentré, émulsifiants: lécithine de soja, E471 et E472b, conservateurs: E202 et E211, acidifiants: acide malique, acide ascorbique et acide citrique), câpres 1%, persil 1%.",en:fish,"en:e14xx,en:e202,en:e211,en:e223,en:e296,en:e300,en:e322,en:e322i,en:e330,en:e407,en:e410,en:e415,en:e471,en:e472b",0,b,993,11,1.5,3,1,10,0.9,0.36,https://static.openfoodfacts.org/images/products/761/020/037/5759/front_fr.5.400.jpg,,,,,,,,,,,,,,,,,,,,,,,,,,,,,,,,,,,,,,,,,,,,,,,,0
7610026017055,Poisson au four Provençale,200,"France,Suisse","Filet de Colin d'Alaska 75% [Theragra chalcogramma] (pêche sauvage, océan Pacifique nord-est), eau, huiles végétales (colza, palme, tournesol), farine de blé, oignons, sel de cuisine, bouillon, jus de citron, persil, acidifiant (acide citrique), levure, sucre de raisin, extrait d'épice",en:fish,en:e330,1,b,650,7.8,4.59,0.3,0,14,0.28,0.11,https://static.openfoodfacts.org/images/products/761/002/601/7055/front_fr.20.400.jpg,,https://static.openfoodfacts.org/images/products/761/002/601/7055/nutrition_fr.22.400.jpg,,,,,,,,,,,,,,,,,,,,,,,,,,,,,,,,,,,,,,,,,,,,,,1
3492500052073,Filets de cabillaud façon fish & chips,220,France,"Filets de _cabillaud_ 65 %, pâte à beignet 35 %, : eau, farine de _blé_, huile végétale (tournesol, colza), farine de maïs, amidon de _blé_, amidon modifié de maïs, _gluten de blé_, sel, E450 - E500, poudre de _lait_ écrémé","en:fish,en:gluten,en:milk","en:e14xx,en:e450,en:e500",1,b,727,7.5,0.8,0.45,0.75,14.1,0.99,0.396,https://static.openfoodfacts.org/images/products/349/250/005/2073/front_fr.33.400.jpg,https://static.openfoodfacts.org/images/products/349/250/005/2073/ingredients_fr.40.400.jpg,https://static.openfoodfacts.org/images/products/349/250/005/2073/nutrition_fr.8.400.jpg,,,,,,,,,,,,,,,,,,,,,,,,,,,,,,,,,,,,,,,,,,,,,,1
3256227461996,Filet de limande du Nord meunière,400,en:fr,"Filets de limande du nord (limanda aspera) issus de pêcheries certifiées msc 75%, farine de ble, huiles végétales de tournesol et de colza, eau, amidon transformé de maïs, farine de maïs, sel, gluten de ble, épices (poivre, curcuma, paprika), arôme naturel de citron et autres arômes naturels, amidon de manioc, dextrose, persil déshydraté 0.08%. traces éventuelles de lait, oeuf, mollusques, céleri et soja.","en:fish,en:gluten",en:e14xx,0,b,693,7.7,0.8,1.6,0.6,14,0.8,0.32,https://static.openfoodfacts.org/images/products/325/622/746/1996/front_fr.9.400.jpg,,https://static.openfoodfacts.org/images/products/325/622/746/1996/nutrition_fr.5.400.jpg,,,,,,,,,,,,,,,,,,,,,,,,,,,,,,,,,,,,,,,,,,,,,,0
3760036824113,Tartinable crabe,120,France,"Huile de colza, préparation à base de chair de POISSON 34% (chair de POISSON 18%, eau, OEUF, amidon de BLE, huile de colza, protéine de SOJA, Sucre, sel, arôme (CRUSTACE), amidon modifié, exhausteurs de goût: E621-E635, colorants:E120-E160c, stabilisants: E407-E420-E452), OEUFS 17%, eau, chair de CRABE 4 % , jaune d'OEUF, vinaigre, MOUTARDE (vinaigre, graines de MOUTARDE, sel, épices), sel, sucre, ardme (MOLLUSQUE, CREVETTE, POISSON, algue marine, extrait de levure), extraits de plantes aromatiques et d'épices, poivre, fibre alimentaire, maltodextrine, graisse de palme, protéine de LAIT, LACTOSE, huile de tournesol,conservateurs: E202-E211, acidifiants:E260-E325-E330-E575 stabilisants:E412-E415. Peut contenir des traces de céleri",en:fish,"en:e120,en:e14xx,en:e160c,en:e202,en:e211,en:e260,en:e325,en:e330,en:e407,en:e412,en:e415,en:e420,en:e452,en:e575,en:e621,en:e635",13,d,1644,38.8,3.2,1.5,0,6.1,1.5,0.6,https://static.openfoodfacts.org/images/products/376/003/682/4113/front_fr.31.400.jpg,https://static.openfoodfacts.org/images/products/376/003/682/4113/ingredients_fr.35.400.jpg,https://static.openfoodfacts.org/images/products/376/003/682/4113/nutrition_fr.40.400.jpg,,,,,,,,,,,,,,,,,,,,,,,,,,,,,,,,,,,,,,,,,,,,,,13
5414807006328,Colin d'Alaska pané Epeautre & Levain,250,France,"Colin d'Alaska** (poisson) 54%, farine de blé 11%, chapelure 6% (farine de blé 4,7%, farine complète d'épeautre 0,5%, levain de blé sec 0,5%, levure, sel), flocons d'épeautre 2,6%, blé malté 1,4%, flocons entiers d'orge 1,3%, amidon de blé, farine complète d'épeautre 1,2%, farine de riz, sel, huiles végétales (colza, tournesol), épices (moutarde), poudre à lever:",en:fish,no additives,1,b,782,6.09,0.5,0,0,12,0.98,0.39,https://static.openfoodfacts.org/images/products/541/480/700/6328/front_fr.18.400.jpg,https://static.openfoodfacts.org/images/products/541/480/700/6328/ingredients_fr.19.400.jpg,https://static.openfoodfacts.org/images/products/541/480/700/6328/nutrition_fr.20.400.jpg,,,,,,,,,,,,,,,,,,,,,,,,,,,,,,,,,,,,,,,,,,,,,,1
3270160390397,"Mini-acras de morue, Préfrits surgelés",300,France,"_Morue_ dessalée 50 %, eau, farine de _blé_ (contient : amylases), flocons de pomme de terre (pomme de terre 99 %, émulsifiant : monostearate de glycérol, anti-oxydants : acide ascorbique, palmitate d'assorbyle), _œuf_ entier liquide, poivron rouge, poudre à lever (disphosphate tétrasodique, orthophosphate de calcium, carbonate de sodium), échalote, ail, oignon, piment fort 0,15 %, persil, poivre, huile de tournesol, sel.","en:eggs,en:fish,en:gluten","en:e1100,en:e300,en:e341,en:e471,en:e500,en:e500i",9,c,770,5.9,0.69,3.4,3,13,3.25,1.3,https://static.openfoodfacts.org/images/products/327/016/039/0397/front_fr.7.400.jpg,https://static.openfoodfacts.org/images/products/327/016/039/0397/ingredients_fr.22.400.jpg,https://static.openfoodfacts.org/images/products/327/016/039/0397/nutrition_fr.27.400.jpg,,,,,,,,,,,,,,,,,,,,,,,,,,,,,,,,,,,,,,,,,,,,,,9
3222474701420,"Accras de Morue, Recette antillaise",180,France,"Morue pêchée en Océan Atlantique (_poisson_) 50 %, huiles végétales (tournesol, colza), farine de _blé_, _œuf_, poivrons rouges, oignons préfrits (oignons, huile de tournesol), fécule de pomme de terre, eau, flocons de pomme de terre, huile d'olive vierge extra, persil, ail, agents levants [poudres à lever (diphosphate, carbonate acide de sodium), amidon de _froment_, farine de _froment_], blanc d'_œuf_ en poudre, épice et extrait d'épice 0,4 %.","en:eggs,en:fish,en:gluten","en:e450,en:e500,en:e500ii",11,d,949,13,1.3,3,0,12,2,0.8,https://static.openfoodfacts.org/images/products/322/247/470/1420/front_fr.5.400.jpg,https://static.openfoodfacts.org/images/products/322/247/470/1420/ingredients_fr.7.400.jpg,https://static.openfoodfacts.org/images/products/322/247/470/1420/nutrition_fr.8.400.jpg,,,,,,,,,,,,,,,,,,,,,,,,,,,,,,,,,,,,,,,,,,,,,,11
3254560307414,Nuggets de Poisson,200,France,"Colin d'Alaska (_poisson_) 66 %, chapelure 16 % (farine de _blé _, levure, sel, épices : curcuma, paprika), huiles végétales (tournesol, colza), eau, farine de _blé_, amidon modifié de pomme de terre, épaississant : méthylcellulose, sel.","en:fish,en:gluten","en:e14xx,en:e461",0,b,879,9.2,1,0.7,1.4,13,0.91,0.364,https://static.openfoodfacts.org/images/products/325/456/030/7414/front_fr.22.400.jpg,https://static.openfoodfacts.org/images/products/325/456/030/7414/ingredients_fr.23.400.jpg,https://static.openfoodfacts.org/images/products/325/456/030/7414/nutrition_fr.24.400.jpg,,,,,,,,,,,,,,,,,,,,,,,,,,,,,,,,,,,,,,,,,,,,,,0
3492500046065,Plein Filet de Limande du Nord Meunière,800,France,"Filets de _limande du Nord_ (75 %). Enrobage (25 %) : farine de _blé_, huiles végétales de tournesol et de colza non hydrogénées, eau, amidon transformé de maïs, sel, _gluten_ de blé, arômes naturels de citron, sucre, persil déshydraté (0,7 %), épaississants : méthylcellulose, gomme guar, gomme xanthane, jus de citron (0,4 %), dextrose de blé, poudres à lever : diphosphate disodique, carbonate acide de sodium.","en:gluten,fr:limande du Nord","en:e14xx,en:e412,en:e415,en:e450,en:e450i,en:e461,en:e500,en:e500ii",-1,a,707,8.9,0.9,0.9,1,14.1,0.82,0.328,https://static.openfoodfacts.org/images/products/349/250/004/6065/front_fr.7.400.jpg,https://static.openfoodfacts.org/images/products/349/250/004/6065/ingredients_fr.16.400.jpg,https://static.openfoodfacts.org/images/products/349/250/004/6065/nutrition_fr.14.400.jpg,,,,,,,,,,,,,,,,,,,,,,,,,,,,,,,,,,,,,,,,,,,,,,-1
3492500053179,Filet de Limande du Nord Meunière,200,France,"Filets de _limande_ du Nord 72 %, Enrobage 28 % : eau. huiles végétales (tournesol, colza), farine de _blé_, fécule de pomme de terre, amidon modiﬁé de maïs, _gluten_ de _blé_, sel, _lactose_ et protéines de _lait_, arôme, sucre, dextrose, persil déshydraté, colorants : carotène E160a - extrait de paprika E1600 et de curcuma E100, poudre d’_œuf_, entier, épaississants : E412 - E415 - E461, amidon modifie de tapioca, poudres à lever : E450i-E500ii.","en:eggs,en:fish,en:gluten,en:milk","en:e14xx,en:e160a,en:e160c,en:e412,en:e415,en:e450,en:e450i,en:e461,en:e500,en:e500ii",2,b,758,8.7,0.9,1.4,0,12.2,1.2,0.48,https://static.openfoodfacts.org/images/products/349/250/005/3179/front_fr.18.400.jpg,https://static.openfoodfacts.org/images/products/349/250/005/3179/ingredients_fr.19.400.jpg,https://static.openfoodfacts.org/images/products/349/250/005/3179/nutrition_fr.20.400.jpg,,,,,,,,,,,,,,,,,,,,,,,,,,,,,,,,,,,,,,,,,,,,,,2
3256220067553,Thon sauce Catalane,135,France,"_Thon_ listao 30 %, eau, concentré de tomates 16,5 %, carotte 7 % , cornichon 6,7 %, huile végétale, oignon 2,4 %, olive noire 2,1 %, sucre, vinaigre de vin, sel, épaississants: gomme guar, gomme xanthane, poivre, arôme naturel, colorant : extrait de paprika.",en:fish,"en:e160c,en:e412,en:e415",-1,a,420,5.1,0.4,3.6,1.7,9.2,1,0.4,https://static.openfoodfacts.org/images/products/325/622/006/7553/front_fr.14.400.jpg,https://static.openfoodfacts.org/images/products/325/622/006/7553/ingredients_fr.15.400.jpg,https://static.openfoodfacts.org/images/products/325/622/006/7553/nutrition_fr.16.400.jpg,,,,,,,,,,,,,,,,,,,,,,,,,,,,,,,,,,,,,,,,,,,,,,-1
3450970060899,Colin d'alaska Panées,800,France,"filet de _colin_ d'Alaska (Theragra chalcogramma) 68%, farine de _blé_, eau, amidon de _blé_ et de pomme de terre, sel, levure, farine de maïs, huiles végétales (tournesol, colza), sucre, poudres à lever : E450, E500, _lait_ écrémé en poudre, épices, dextrose.","en:fish,en:gluten,en:milk","en:e450,en:e500",-1,a,498,0.9,0.1,1.8,0.8,12,0.77,0.308,https://static.openfoodfacts.org/images/products/345/097/006/0899/front_fr.20.400.jpg,https://static.openfoodfacts.org/images/products/345/097/006/0899/ingredients_fr.23.400.jpg,https://static.openfoodfacts.org/images/products/345/097/006/0899/nutrition_fr.14.400.jpg,,,,,,,,,,,,,,,,,,,,,,,,,,,,,,,,,,,,,,,,,,,,,,-1
3270190010685,8 Tranches panées Colin d'Alaska,400,France,"Filets de colin d'Alaska MSC 70% (Theragra chalcogramma), chapelure (farine de blé, sel), eau, huiles végétales de colza et de tournesol, farine de blé, amidon de blé, amidon modifié de maïs, sel, fécule de pomme de terre, gluten de blé. Peut contenir des traces de moutarde et oeuf.",en:gluten,en:e14xx,-2,a,778,7,0.5,2,1.1,13,0.61,0.244,https://static.openfoodfacts.org/images/products/327/019/001/0685/front_fr.35.400.jpg,https://static.openfoodfacts.org/images/products/327/019/001/0685/ingredients_fr.26.400.jpg,https://static.openfoodfacts.org/images/products/327/019/001/0685/nutrition_fr.15.400.jpg,,,,,,,,,,,,,,,,,,,,,,,,,,,,,,,,,,,,,,,,,,,,,,-2
3256224531289,Bâtonnets de poisson blanc super croustillant,20,France,"POISSON blanc 60%, farine de BLÉ, eau, huiles végétales (tournesol, colza), gluten de BLÉ, sel, farine de riz, amidon transformé de BLÉ, amidon de BLÉ, dextrose. Traces éventuelles de lait et oeuf.",en:fish,en:e14xx,1,b,855,9.2,1,1.2,0.6,12,1.1,0.44,https://static.openfoodfacts.org/images/products/325/622/453/1289/front_fr.53.400.jpg,https://static.openfoodfacts.org/images/products/325/622/453/1289/ingredients_fr.55.400.jpg,https://static.openfoodfacts.org/images/products/325/622/453/1289/nutrition_fr.57.400.jpg,,,,,,,,,,,,,,,,,,,,,,,,,,,,,,,,,,,,,,,,,,,,,,1
8722700130123,"Les Océanes Grillade Herbes et Huile d'Olive 2,3%",250,France,"_Colin d'Alaska_ 90%, huile de palme, huile d'olives 2,3%, huile de colza, herbes 0,8% (persil, origan, thym, romarin, estragon, basilic), eau, sel, dextrose, extrait d'oignon et d'ail, sucre, poivre noir, épinards.",en:fish,no additives,2,b,565,8.1,3.6,0.4,0,15.2,0.9,0.36,https://static.openfoodfacts.org/images/products/872/270/013/0123/front_fr.12.400.jpg,https://static.openfoodfacts.org/images/products/872/270/013/0123/ingredients_fr.15.400.jpg,https://static.openfoodfacts.org/images/products/872/270/013/0123/nutrition_fr.17.400.jpg,,,,,,,,,,,,,,,,,,,,,,,,,,,,,,,,,,,,,,,,,,,,,,2
3256225426256,Fish and Chips,550,France,"Pommes de terre enrobées 55% : pommes de terre 49%, huiles végétales (tournesol, colza), eau, amidon transformé de pomme de terre, farine de riz, dextrine de pomme de terre, sel, poudres à lever : e450i - e500ii, dextrose, curcuma, stabilisant : e415. filet de colin d'alaska msc enrobé de pâte à beignet 45% : filet de colin d'alaska msc (theragra chalcogramma) 29%, eau, farine de ble, huiles végétales (tournesol, colza), farine de maïs, amidon de ble, amidon transformé de maïs, gluten de ble, sel, poudres à lever : e450i - e500ii, poudre de lait écrémé. traces éventuelles d'oeuf, mollusques, céleri, soja. malgré tout le soin apporté à la préparation de nos produits, la présence exceptionnelle d'arêtes n'est jamais exclue.","en:fish,en:gluten,en:milk,fr:ALASKA","en:e1400,en:e14xx,en:e415,en:e450,en:e450i,en:e500,en:e500ii",0,b,702,7.4,0.7,1.2,2.1,5.9,0.77,0.308,https://static.openfoodfacts.org/images/products/325/622/542/6256/front_fr.42.400.jpg,https://static.openfoodfacts.org/images/products/325/622/542/6256/ingredients_fr.44.400.jpg,https://static.openfoodfacts.org/images/products/325/622/542/6256/nutrition_fr.46.400.jpg,,,,,,,,,,,,,,,,,,,,,,,,,,,,,,,,,,,,,,,,,,,,,,0
3263859841416,Panés au colin d'Alaska,800,France,"Préparation à base de colin d'Alaska 70% : _colin_ d'alaska 96%, amidon transformé, épaississant : méthylcellulose, sel.  Enrobage 30% : chapelure (farine de _blé_, levure, sel, épices : curcuma, paprika), enrobant (eau, farine de _blé_), huiles végétales de tournesol et de colza.","en:fish,en:gluten","en:e14xx,en:e461",-2,a,720,7,0.7,0.7,1,12.7,0.6,0.24,https://static.openfoodfacts.org/images/products/326/385/984/1416/front_fr.3.400.jpg,https://static.openfoodfacts.org/images/products/326/385/984/1416/ingredients_fr.21.400.jpg,https://static.openfoodfacts.org/images/products/326/385/984/1416/nutrition_fr.18.400.jpg,,,,,,,,,,,,,,,,,,,,,,,,,,,,,,,,,,,,,,,,,,,,,,-2
3256224531203,Panés de colin d'Alaska,400,France,"Filets de COLIN D'ALASKA 66% (Theragra chalcogramma), farine de BLE, eau, huiles végétales (tournesol, colza), sel, GLUTEN DE BLE, amidon transformé de BLE, amidon de BLE, farine de riz, dextrose. Traces éventuelles de lait et d'oeuf.","en:fish,en:gluten,fr:ALASKA",en:e14xx,0,b,793,9.2,1,1.6,0.9,12,0.83,0.332,https://static.openfoodfacts.org/images/products/325/622/453/1203/front_fr.48.400.jpg,https://static.openfoodfacts.org/images/products/325/622/453/1203/ingredients_fr.50.400.jpg,https://static.openfoodfacts.org/images/products/325/622/453/1203/nutrition_fr.52.400.jpg,,,,,,,,,,,,,,,,,,,,,,,,,,,,,,,,,,,,,,,,,,,,,,0
20427627,2 panes au cabillaud,200,France,"Préparation à base de _cabillaud_ MSC 65% : _cabillaud_ 56%, eau, amidon modifié de pomme de terre, fibre de pomme de terre, sel, épaississant : méthylcellulose  Panure 35% : chapelure (farine de _blé_, levure, sel), enrobant (eau, farine de _blé_), huiles végétales (tournesol, colza)  [% exprimé sur la totalité du produit]","en:fish,en:gluten","en:e14xx,en:e461",-1,a,887,9.8,0.9,0.7,0,11,0.59,0.23,https://static.openfoodfacts.org/images/products/20427627/front_fr.45.400.jpg,https://static.openfoodfacts.org/images/products/20427627/ingredients_fr.44.400.jpg,https://static.openfoodfacts.org/images/products/20427627/nutrition_fr.47.400.jpg,,,,,,,,,,,,,,,,,,,,,,,,,,,,,,,,,,,,,,,,,,,,,,-1
3596710337033,Cabillaud les panés,300,France,"cabillaud (poisson) 56%, chapelure 19% (farine de blé (contient gluten), levure, sel), eau, farine de blé (contient gluten), huiles végétales (tournesol, colza), fibre de pomme de terre, amidon modifié de pomme de terre, épaississant : méthylcellulose, sel. Traces éventuelles de lait, soja, céleri, ceuf et mollusques. ()Malgré tout le soin apporté à la préparation de nos produits, la présence exceptionnelle d'arêtes n'est jamais exclue.","en:fish,en:gluten","en:e14xx,en:e461",-1,a,895,9.9,1,1.1,0,10.9,0.5,0.2,https://static.openfoodfacts.org/images/products/359/671/033/7033/front_fr.4.400.jpg,https://static.openfoodfacts.org/images/products/359/671/033/7033/ingredients_fr.9.400.jpg,,,,,,,,,,,,,,,,,,,,,,,,,,,,,,,,,,,,,,,,,,,,,,,-1
3596710453221,Rillettes de thon fromage frais et ciboulette,150,France,"dethon et fromage frais ingrédients Thon 35,77% ( poisson), saumon Atlantique (poisson), fromage frais 12,35% (contient lait origine France), fromage blanc (contient lait origine France), huiles végétales (huile de colza, huile de tournesol), eau, ciboulette 1,33% fumet de poisson (lactose, arômes naturels, poisson en poudre, sel, crème (contient lait), protéines de lait épices, plantes aromatiques, farine de ble (contient gluten) , concentré de tomates, sel éventuelles de mollusques, crustacés, moutarde, de sésame, fruits à coque, soja, sulfites, céleri,","en:celery,en:crustaceans,en:fish,en:gluten,en:milk,en:mustard,en:nuts,en:sesame-seeds,en:soybeans,en:sulphur-dioxide-and-sulphites",,5,c,1113,23,4.2,1.4,0,12,0.8,0.32,https://static.openfoodfacts.org/images/products/359/671/045/3221/front_fr.4.400.jpg,https://static.openfoodfacts.org/images/products/359/671/045/3221/ingredients_fr.10.400.jpg,https://static.openfoodfacts.org/images/products/359/671/045/3221/nutrition_fr.7.400.jpg,,,,,,,,,,,,,,,,,,,,,,,,,,,,,,,,,,,,,,,,,,,,,,5
3254566557745,Colin d'Alaska les Panés,200,France,"colin d'Alaska (_poisson_) 59 %, chapelure 16 % (farine de _blé_, levure, sel, épices : curcuma, paprika), eau, huiles végétales (tournesol, colza), farine de _blé_, amidon modifié de pomme de terre, sel, épaississant : méthylcellulose.","en:fish,en:gluten","en:e14xx,en:e461",0,b,787,8.3,0.8,0.5,0.7,11,0.87,0.348,https://static.openfoodfacts.org/images/products/325/456/655/7745/front_fr.26.400.jpg,https://static.openfoodfacts.org/images/products/325/456/655/7745/ingredients_fr.27.400.jpg,https://static.openfoodfacts.org/images/products/325/456/655/7745/nutrition_fr.28.400.jpg,,,,,,,,,,,,,,,,,,,,,,,,,,,,,,,,,,,,,,,,,,,,,,0
3165958535015,Filets de Maquereaux Sauce Escabèche 169 gr,169,"France, Japon","Filets de maquereaux (56 %), eau, vinaigre d'alcool (8 %), huile végétale, oignon (2 %), concentré de tomate (1,8 %), échalote, ail, sel, persil, arômes, épaississant : gomme guar, colorant : extrait de paprika.",en:fish,"en:e160c,en:e412",3,c,925,19,3.4,1.2,0.8,11,0.9,0.36,https://static.openfoodfacts.org/images/products/316/595/853/5015/front_fr.26.400.jpg,https://static.openfoodfacts.org/images/products/316/595/853/5015/ingredients_fr.7.400.jpg,https://static.openfoodfacts.org/images/products/316/595/853/5015/nutrition_fr.9.400.jpg,,,,,,,,,,,,,,,,,,,,,,,,,,,,,,,,,,,,,,,,,,,,,,3
5400111734392,Filet de poisson à la bordelaise,400,Belgium,"_filets de colin d'Alaska_ (Theragra chalcogramma) 76%, eau, farine de _blé_, huiles végétales non 'hydrogénées (huile de tournesol, huile de colza), oignon, graisse de palme non hydrogénée, persil, sel, sucre, arôme (contient: _lait_), acidifiants (acide citrique, acide lactique), ail, extrait de levure (levure, sel), maltodextrine, paprika, _poisson_ en poudre, colorant (extrait de paprika), tomates en poudre","en:fish,en:gluten,en:milk,fr:filets de colin d'Alaska","en:e160c,en:e270,en:e330",1,b,544,7,2.1,0.5,0.4,13.2,0.82,0.328,https://static.openfoodfacts.org/images/products/540/011/173/4392/front_fr.12.400.jpg,https://static.openfoodfacts.org/images/products/540/011/173/4392/ingredients_fr.15.400.jpg,https://static.openfoodfacts.org/images/products/540/011/173/4392/nutrition_fr.16.400.jpg,,,,,,,,,,,,,,,,,,,,,,,,,,,,,,,,,,,,,,,,,,,,,,1
3456700083794,"Pecheries setoises, Filets anchois marines a l'ail, la barquette de 150 gr",300,France,"Filets d'anchois avec peau marinés 60% (filets d'anchois avec peau 59.2% (Engrau/isencras/?o/us) eau, vinaigre, sel, acidifiant : acide citrique)/ huiles végétales (colza, olive) ail 1.370, . persil. Traces éventuelles de mollusques et crustacés.",en:fish,en:e330,5,c,820,11.5,1.3,0.5,0,19.5,1.8,0.72,https://static.openfoodfacts.org/images/products/345/670/008/3794/front_en.14.400.jpg,https://static.openfoodfacts.org/images/products/345/670/008/3794/ingredients_fr.7.400.jpg,https://static.openfoodfacts.org/images/products/345/670/008/3794/nutrition_fr.4.400.jpg,,,,,,,,,,,,,,,,,,,,,,,,,,,,,,,,,,,,,,,,,,,,,,5
3661405003163,Petits Lingots,448,France,"Colin d'Alaska 58%, chapelure 20 % (farine de blé, eau, épices, sel, levure), huile végétale, farine de blé, eau, amidon de pomme de terre, sel",en:fish,no additives,1,b,939,9.1,1.2,1,0.9,13,0.8636,0.34544,https://static.openfoodfacts.org/images/products/366/140/500/3163/front_fr.13.400.jpg,https://static.openfoodfacts.org/images/products/366/140/500/3163/ingredients_fr.9.400.jpg,https://static.openfoodfacts.org/images/products/366/140/500/3163/nutrition_fr.11.400.jpg,,,,,,,,,,,,,,,,,,,,,,,,,,,,,,,,,,,,,,,,,,,,,,1
3558070600134,Rillettes d'esturgeon,500,France,"INGREDtENTS Chair d'esturgeon (Acipenser spp.) (59,6%), crème, chapelure (farine de blé, sucre, huile végétale (tournesol), levure, sel, agent de traitement de ia farine : acide ascorbique), jus de yuzu huile d'olive, sel, poivre.",en:fish,no additives,18,d,1105,21.3,9.1,1.3,0,13.8,1.42,0.568,https://static.openfoodfacts.org/images/products/355/807/060/0134/front_fr.4.400.jpg,https://static.openfoodfacts.org/images/products/355/807/060/0134/ingredients_fr.10.400.jpg,https://static.openfoodfacts.org/images/products/355/807/060/0134/nutrition_fr.7.400.jpg,,,,,,,,,,,,,,,,,,,,,,,,,,,,,,,,,,,,,,,,,,,,,,18
3165950213669,Maquereaux et sa Ratatouille,150,France,"Maquereau (40 %), légumes 40 % (tomates, courgettes, pommes de terre, poivrons rouges, oignons, concombre et aubergines en proportion variable), eau, concentré de tomate, échalotes, vinaigre d'alcool, huile végétale, ail, sel, sucre, arômes naturels (contient du _beurre_), épice, épaississants : gomme guar et gomme xanthane.",en:milk,"en:e412,en:e415",1,b,522,8.8,2,2.1,1.8,7.8,1.016,0.4064,https://static.openfoodfacts.org/images/products/316/595/021/3669/front_fr.10.400.jpg,https://static.openfoodfacts.org/images/products/316/595/021/3669/ingredients_fr.11.400.jpg,https://static.openfoodfacts.org/images/products/316/595/021/3669/nutrition_fr.15.400.jpg,,,,,,,,,,,,,,,,,,,,,,,,,,,,,,,,,,,,,,,,,,,,,,1
3257983995312,Surimi Crudités,140,France,"Pain de mie complet 51,4 % : farine complète de _blé_, eau, huile de colza, gluten de _blé_, sucre, sel, dextrose, levure, farine de _blé_, émulsifiant : E471, agent de traitement de la farine : E300. Préparation aromatisée à base de chair de _poisson_ 20,8 % : surimi (chair de _poissons_, sucre, stabilisants : E420 et E452), eau, amidon de _blé_, blanc d'_oeuf_, chair de crabe, huile de colza, arôme crabe (_poisson_), sel, exhausteur de goût : E621, colorant : E160c.    Mayonnaise allégée en matière grasse : eau, huile de colza, vinaigre d'alcool, jaune d'_oeuf_, amidon transformé de maïs, sucre, _moutarde_ de Dijon (eau, graines de _moutarde_, vinaigre d'alcool, sel, antioxydant : _disulfite_ de potassium, acidifiant : E330), sel, _lait_ écrémé reconstitué, acidifiant : E330, épaississant : E415, conservateur : E202. Concombre 6,9 %. Salade 6,9 %. Sauce tomato ketchup : tomate, sucre, vinaigre d'alcool, purée de tomates, sel, amidon modifié de maïs, stabilisant : E415, arôme, épice.","en:eggs,en:fish,en:gluten,en:milk,en:mustard,en:sulphur-dioxide-and-sulphites","en:e14xx,en:e160c,en:e202,en:e224,en:e300,en:e330,en:e415,en:e420,en:e452,en:e471,en:e621",3,c,820,4.4,0.4,6.6,2.2,6.3,1.22,0.488,https://static.openfoodfacts.org/images/products/325/798/399/5312/front_fr.6.400.jpg,https://static.openfoodfacts.org/images/products/325/798/399/5312/ingredients_fr.7.400.jpg,https://static.openfoodfacts.org/images/products/325/798/399/5312/nutrition_fr.9.400.jpg,,,,,,,,,,,,,,,,,,,,,,,,,,,,,,,,,,,,,,,,,,,,,,3
3492500046089,Plein Filet de Colin d'Alaska Meunière,800,France,"Filets de _lieu de l'Alaska_ (80 %) - Qualité sans arêtes.    Enrobage (20 %) : huiles végétales de tournesol et de colza non hydrogénées, farine de _blé_, eau, amidon transformé de maïs, _gluten_ de blé, sel, sucre, arômes naturels de citron, persil déshydraté (0,6 %), jus de citron (0,5 %), épaississants : méthylcellulose, gomme guar, gomme xanthane, dextrose de blé, poudres à lever : diphosphates - carbonates de sodium (contient _sulfites_).","en:gluten,en:sulphur-dioxide-and-sulphites,fr:Lieu de l'Alaska","en:e14xx,en:e412,en:e415,en:e450,en:e461,en:e500",-1,a,651,7.3,1,1.2,1.3,12,0.91,0.364,https://static.openfoodfacts.org/images/products/349/250/004/6089/front_fr.6.400.jpg,https://static.openfoodfacts.org/images/products/349/250/004/6089/ingredients_fr.7.400.jpg,https://static.openfoodfacts.org/images/products/349/250/004/6089/nutrition_fr.8.400.jpg,,,,,,,,,,,,,,,,,,,,,,,,,,,,,,,,,,,,,,,,,,,,,,-1
3164060775555,Salade de Thon (+ 20% Gratuit),360,France,"Thon (poisson)35%, huile de colza, œufs, eau, vinaigre, sucre, extraits naturels (contient poisson), poudre de jaunes d'œufs, sel, moutarde(eau, vinaigre, graines de moutarde, sel, épices), jaunes d'oeufs salés, amidon transformé de maïs,   acidifiant : E330, conservateurs : E211, E202, épaississant : E415, colorant : E160a, exhausteur de goût : E635, antioxydant : E385.  ","en:eggs,en:fish,en:gluten","en:e14xx,en:e160a,en:e202,en:e211,en:e330,en:e385,en:e415,en:e635",13,d,1472,33.2,2.4,1.7,0.5,11.5,1.71,0.68,https://static.openfoodfacts.org/images/products/316/406/077/5555/front_fr.8.400.jpg,https://static.openfoodfacts.org/images/products/316/406/077/5555/ingredients_fr.9.400.jpg,https://static.openfoodfacts.org/images/products/316/406/077/5555/nutrition_fr.11.400.jpg,,,,,,,,,,,,,,,,,,,,,,,,,,,,,,,,,,,,,,,,,,,,,,13
3456700083305,Anchois marinés nature,105,France,"Filets d'anchois (Engraulis encrasilocus) 55% (eau, vinaigre, sel, acidifiant : acide citrique), huiles végétales (colza, olive)","en:eggs,en:fish,en:gluten",en:e330,5,c,757,11.5,1.5,0.5,0,17.5,1.8,0.72,https://static.openfoodfacts.org/images/products/345/670/008/3305/front_fr.27.400.jpg,https://static.openfoodfacts.org/images/products/345/670/008/3305/ingredients_fr.32.400.jpg,https://static.openfoodfacts.org/images/products/345/670/008/3305/nutrition_fr.22.400.jpg,,,,,,,,,,,,,,,,,,,,,,,,,,,,,,,,,,,,,,,,,,,,,,5
3492500046935,Accras de morue à la créole,200,France,"Morue 50%, huiles végétales (tournesol, colza), farine de blé, oeuf, poivrons rouges, oignons préfrits (oignons,huile de tournesol), fécule de pomme de terre, eau, flocons de pomme de terre, huile d'olive vierge extra, persil, ail, agents levants (poudre à lever: E450i, E500i, amidon de froment, farine de froment), blanc d'ceuf en poudre, épice et extrait d'épice 0.4%. (% exprimés sur la totalité du produit.] Traces possibles de lait, céleri, soja, crustacés, mollusques.","en:eggs,en:fish,en:gluten","en:e450,en:e450i,en:e500,en:e500i",10,c,937,12.4,1.28,2.48,0.92,12,1.96,0.784,https://static.openfoodfacts.org/images/products/349/250/004/6935/front_fr.17.400.jpg,https://static.openfoodfacts.org/images/products/349/250/004/6935/ingredients_fr.24.400.jpg,https://static.openfoodfacts.org/images/products/349/250/004/6935/nutrition_fr.21.400.jpg,,,,,,,,,,,,,,,,,,,,,,,,,,,,,,,,,,,,,,,,,,,,,,10
3245390081308,8X50G Tranche Panee De Colin Sans Arete Grand Jury,400,France,"Filet de _colin d'Alaska_ (Theragra chalcogramma, pêché en Océan Pacifique) 70 %, chapelure (farine de _blé_, sel), huiles végétales de colza et de tournesol, eau amidon modifié de _blé_, fécule de pomme de terre, gluten de _blé_, sel, poudres à lever : diphosphates et carbonates de sodium, poivre.","en:fish,en:gluten","en:e450,en:e450i,en:e500",0,b,761,9,0.6,1.2,0,12,0.8,0.32,https://static.openfoodfacts.org/images/products/324/539/008/1308/front_fr.18.400.jpg,https://static.openfoodfacts.org/images/products/324/539/008/1308/ingredients_fr.24.400.jpg,https://static.openfoodfacts.org/images/products/324/539/008/1308/nutrition_fr.11.400.jpg,,,,,,,,,,,,,,,,,,,,,,,,,,,,,,,,,,,,,,,,,,,,,,0
3596710337026,Colin d'alaska les panes,300,France,"colin d'Alaska (poisson) 48%, eau, chapelure 16% (farine de blé (contient gluten), levure, sel, épices : curcuma, paprika), huiles végétales (tournesol, colza), calamar (mollusque), farine de blé (contient gluten), amidon modifie de pomme de terre, sel, épaississant: méthylcellulose. Traces éventuelles de lait, oeuf, soja, céleri. () Malgré tout le soin apporté à la préparation de nos produits, la présence exceptionnelle d'arêtes n'est jamais exclue.","en:eggs,en:fish,en:gluten","en:e14xx,en:e461",-1,a,820,7.9,0.8,0.6,1.3,11.1,0.82,0.328,https://static.openfoodfacts.org/images/products/359/671/033/7026/front_fr.4.400.jpg,https://static.openfoodfacts.org/images/products/359/671/033/7026/ingredients_fr.10.400.jpg,https://static.openfoodfacts.org/images/products/359/671/033/7026/nutrition_fr.11.400.jpg,,,,,,,,,,,,,,,,,,,,,,,,,,,,,,,,,,,,,,,,,,,,,,-1
3596710408429,Panés au poisson,200,France,"Poissons 58%, chapelure 16% (farine de blé, levure, sel, épices : curcuma, paprika), huiles végétales de tournesol et de colza, eau, farine de blé, amidon modifié de pomme de terre, préparation à base de pomme de terre déshydratée (pomme de terre, sel, blanc d’œuf en poudre, ail en poudre), dextrose, fécule de pomme de terre, épaississant méthylcellulose, sel.","en:eggs,en:fish,en:gluten","en:e14xx,en:e461",0,b,882,9.9,1,1,1.2,12,0.92,0.368,https://static.openfoodfacts.org/images/products/359/671/040/8429/front_fr.11.400.jpg,https://static.openfoodfacts.org/images/products/359/671/040/8429/ingredients_fr.13.400.jpg,https://static.openfoodfacts.org/images/products/359/671/040/8429/nutrition_fr.12.400.jpg,,,,,,,,,,,,,,,,,,,,,,,,,,,,,,,,,,,,,,,,,,,,,,0
3254560437647,Colin d'Alaska,400,France,"Filet de colin d’Alaska (_poisson_) (Theragra Chalcogramma, pêché dans l'Océan Pacifique) 70%, chapelure (farine de blé (contient _gluten_), sel), eau, amidon transformé, huiles végétales (colza, tournesol), fécule de pomme de terre, _gluten_ de blé, sel, poudres à lever : diphosphate, carbonate de sodium, poivre.","en:fish,en:gluten","en:e14xx,en:e450,en:e500,en:e500i",-2,a,774,7,0.5,2,1.5,13,0.61,0.244,https://static.openfoodfacts.org/images/products/325/456/043/7647/front_fr.21.400.jpg,https://static.openfoodfacts.org/images/products/325/456/043/7647/ingredients_fr.17.400.jpg,https://static.openfoodfacts.org/images/products/325/456/043/7647/nutrition_fr.23.400.jpg,,,,,,,,,,,,,,,,,,,,,,,,,,,,,,,,,,,,,,,,,,,,,,-2
3263859803421,Accras de Morue sauce Nuoc Mam,245,France,Accras de morue : purée de pomme de terre réhydratée (eau-ﬂocon de pomme de terre - émulsiﬁant : mono et diglycérides d acides gras) - pulpe de _morue_ 31% (_cabillaud_ - sel) - huile de tournesol — fécule de pomme de terre - oignons déshydratés - pulpe d’ail - persil - blanc d’_œuf_ en poudre - sel - piment fort - poivre blanc.  Sauce nuoc mam 20 g : eau - sucre - nuoc mam l4% (_poisson_ - sel) - vinaigre - sel.,"en:eggs,en:fish",en:e471,5,c,999,11.7,1.2,4.3,0,12.6,1.78,0.712,https://static.openfoodfacts.org/images/products/326/385/980/3421/front_fr.8.400.jpg,https://static.openfoodfacts.org/images/products/326/385/980/3421/ingredients_fr.16.400.jpg,https://static.openfoodfacts.org/images/products/326/385/980/3421/nutrition_fr.10.400.jpg,,,,,,,,,,,,,,,,,,,,,,,,,,,,,,,,,,,,,,,,,,,,,,5
20842284,2 petits poissons panés au fromage fondu Colin d'Alaska MSC,200,France,"Préparation à base de colin d'Alaska MSC 70% : _colin_ d'Alaska 35%, eau, _fromage_ fondu 11% (_fromage_, eau, _beurre_, poudre de _lactosérum_, protéines de _lait_, sels de fonte : E331-E339-E452, sel, gélifiants : E407-E401), base pomme de terre déshydratée (pomme de terre, sel, blanc d'_œuf_ en poudre, plante aromatique), épaississant : E461, Enrobage 30% : chapelure (farine de _blé_, levure, sel, épices : curcuma, paprika), enrobant (eau, farine de blé), huiles végétales (tournesol, colza). [% exprimés sur la totalité du produit.]","en:eggs,en:fish,en:gluten,en:milk","en:e331,en:e339,en:e401,en:e407,en:e452,en:e461",5,c,883,9.4,2.4,1.6,0,9.7,1.44,0.576,https://static.openfoodfacts.org/images/products/20842284/front_fr.5.400.jpg,https://static.openfoodfacts.org/images/products/20842284/ingredients_fr.13.400.jpg,https://static.openfoodfacts.org/images/products/20842284/nutrition_fr.7.400.jpg,,,,,,,,,,,,,,,,,,,,,,,,,,,,,,,,,,,,,,,,,,,,,,5
3661405003224,iglo - Petits trésors,450,France,"Poissons 48,5 % en proportions variables (colin d'Alaska, colin lieu, merlu, cabillaud, hoki), chapelure 18,6 %, huile végétale, eau, farine de blé, pomme de terre, amidon de blé, sel, riz, bouillon de légumes (extrait de levure, maltodextrine, sel, extrait de légumes (contient du céleri), extrait d'épices, huile végétale), poudres à lever (E450, E500), sucre, épices.","en:eggs,en:fish,en:gluten","en:e450,en:e500",2,b,1143,15,1.8,1.5,1.2,12,1.11,0.44,https://static.openfoodfacts.org/images/products/366/140/500/3224/front_fr.10.400.jpg,https://static.openfoodfacts.org/images/products/366/140/500/3224/ingredients_fr.11.400.jpg,https://static.openfoodfacts.org/images/products/366/140/500/3224/nutrition_fr.12.400.jpg,,,,,,,,,,,,,,,,,,,,,,,,,,,,,,,,,,,,,,,,,,,,,,2
3492500040674,Filets de limande du Nord Meunière,200,France,"Filets de Limande du Nord 72%, enrobage 28% : eau, huiles végétales (tournesol, colza), farine de _blé_, fécule de pomme de terre, amidon modifié de maïs, _gluten_ de blé, sel, _lactose_ et protéines de _lait_, arôme, sucre, dextrose, persil déshydraté, colorants : carotène et extraits de paprika et de curcuma, poudre d'_oeuf_ entier, épaississants : E462-E412-E415, amidon modifié de tapioca, poudres à lever : E450i, E500ii.","en:eggs,en:gluten,en:milk","en:e14xx,en:e160a,en:e412,en:e415,en:e450,en:e450i,en:e462,en:e500,en:e500ii",2,b,757,8.7,0.9,1,1.2,13.5,1.4,0.56,https://static.openfoodfacts.org/images/products/349/250/004/0674/front_en.4.400.jpg,https://static.openfoodfacts.org/images/products/349/250/004/0674/ingredients_en.9.400.jpg,https://static.openfoodfacts.org/images/products/349/250/004/0674/nutrition_en.10.400.jpg,,,,,,,,,,,,,,,,,,,,,,,,,,,,,,,,,,,,,,,,,,,,,,2
3257984147536,Hâché de la mer à base de Cabillaud,200,France,"Chair de _cabillaud_ 75%, huiles végétales (tournesol, colza), pomme de terre préfrites (pomme de terre, huile de tournesol), _crème_, blanc d'_oeuf_ en poudre, farine de _blé_, oignons préfrits (oignons, huile de tournesol), flocons de pomme de terre, amidon modifié de pomme de terre, sel, arôme, aromate","en:eggs,en:fish,en:gluten,en:milk",en:e14xx,2,b,690,8.8,1.1,2,0,15.3,0.95,0.38,https://static.openfoodfacts.org/images/products/325/798/414/7536/front_fr.6.400.jpg,https://static.openfoodfacts.org/images/products/325/798/414/7536/ingredients_fr.9.400.jpg,https://static.openfoodfacts.org/images/products/325/798/414/7536/nutrition_fr.10.400.jpg,,,,,,,,,,,,,,,,,,,,,,,,,,,,,,,,,,,,,,,,,,,,,,2
3256224531104,Panés de cabillaud,400,France,"Filets de CABILLAUD 66% (Gadus morhua), farine de BLE, eau, huiles végétales (tournesol, colza), sel, GLUTEN DE BLE, amidon transformé de BLE, amidon de BLE, farine de riz, dextrose. Traces éventuelles de lait et d'oeuf.","en:fish,en:gluten",en:e14xx,0,b,793,8.5,0.9,2.2,0.9,13,0.86,0.344,https://static.openfoodfacts.org/images/products/325/622/453/1104/front_fr.44.400.jpg,https://static.openfoodfacts.org/images/products/325/622/453/1104/ingredients_fr.46.400.jpg,https://static.openfoodfacts.org/images/products/325/622/453/1104/nutrition_fr.48.400.jpg,,,,,,,,,,,,,,,,,,,,,,,,,,,,,,,,,,,,,,,,,,,,,,0
20842284,2 petits poissons panés au fromage fondu Colin d'Alaska MSC,200,France,"Préparation à base de colin d'Alaska MSC 70% : _colin_ d'Alaska 35%, eau, _fromage_ fondu 11% (_fromage_, eau, _beurre_, poudre de _lactosérum_, protéines de _lait_, sels de fonte : E331-E339-E452, sel, gélifiants : E407-E401), base pomme de terre déshydratée (pomme de terre, sel, blanc d'_œuf_ en poudre, plante aromatique), épaississant : E461, Enrobage 30% : chapelure (farine de _blé_, levure, sel, épices : curcuma, paprika), enrobant (eau, farine de blé), huiles végétales (tournesol, colza). [% exprimés sur la totalité du produit.]","en:eggs,en:fish,en:gluten,en:milk","en:e331,en:e339,en:e401,en:e407,en:e452,en:e461",5,c,883,9.4,2.4,1.6,0,9.7,1.44,0.576,https://static.openfoodfacts.org/images/products/20842284/front_fr.5.400.jpg,https://static.openfoodfacts.org/images/products/20842284/ingredients_fr.13.400.jpg,https://static.openfoodfacts.org/images/products/20842284/nutrition_fr.7.400.jpg,,,,,,,,,,,,,,,,,,,,,,,,,,,,,,,,,,,,,,,,,,,,,,5
3492500053162,Filets De Colin D'alaska Panés,220,France,"Filets de _colin_ d'Alaska 65 %. Enrobage 85 %. chapelure (farine de _blé_, levure, sel), enrobant (farine de _blé_, eau, sel, _gluten de blé_), huiles végétales (tournesol, colza).","en:fish,en:gluten",no additives,-2,a,879,8.68,0.89,1.23,1.53,12,0.5,0.2,https://static.openfoodfacts.org/images/products/349/250/005/3162/front_fr.20.400.jpg,https://static.openfoodfacts.org/images/products/349/250/005/3162/ingredients_fr.19.400.jpg,https://static.openfoodfacts.org/images/products/349/250/005/3162/nutrition_fr.13.400.jpg,,,,,,,,,,,,,,,,,,,,,,,,,,,,,,,,,,,,,,,,,,,,,,-2
3334052216551,10 tranches panées préfrites de filet de colin d'Alaska,500,France,"Filets de lieu de l'Alaska 66%. Panure 34% : chapelure (farine de blé, eau, sel, levure, épices (curcuma, paprika)), huiles végétales de tournesol et tournesol oléique non hydrogénées, enrobage (farine de blé, amidon transformé de blé, amidon de blé, sel, gluten de blé), préparation à base de farine (farine de riz, gluten de blé, chapelure (farine de blé, sel), huile végétale de colza non hydrogénée), eau.",en:gluten,en:e14xx,-1,a,823,7.8,0.9,1,1.5,13.2,0.8001,0.32004,https://static.openfoodfacts.org/images/products/333/405/221/6551/front_fr.8.400.jpg,https://static.openfoodfacts.org/images/products/333/405/221/6551/ingredients_fr.9.400.jpg,https://static.openfoodfacts.org/images/products/333/405/221/6551/nutrition_fr.10.400.jpg,,,,,,,,,,,,,,,,,,,,,,,,,,,,,,,,,,,,,,,,,,,,,,-1
3258561412658,Filet Meunière de Colin d'Alaska,250,France,"Filet de _colin_ d'Alaska (Theragra Chalcogramma) (80%), enrobage (farine de _blé_; amidon transformé de _blé_;fécule de pomme de terre;gluten de _blé_; sel; poudres à lever E450i, E500ii, poudres de _lait_ écrémé; levure ; persil ; huile de colza), huiles végétales (colza, tournesol), eau.","en:fish,en:gluten,en:milk","en:e14xx,en:e500,en:e500ii",-1,a,711,7.5,1,1.5,0,13,0.66,0.264,https://static.openfoodfacts.org/images/products/325/856/141/2658/front_fr.10.400.jpg,https://static.openfoodfacts.org/images/products/325/856/141/2658/ingredients_fr.9.400.jpg,https://static.openfoodfacts.org/images/products/325/856/141/2658/nutrition_fr.14.400.jpg,,,,,,,,,,,,,,,,,,,,,,,,,,,,,,,,,,,,,,,,,,,,,,-1
3257984452630,Filet de Cabillaud Meunière,200,France,"Filets de _cabillaud_ 72%, enrobage 28% : eau, huiles végétales (tournesol, colza), farine de _blé_, fécule de pomme de terre, amidon modifié de maïs, _gluten de blé_, sel, _lactose_ et protéines de lait, arôme, sucre, dextrose, persil déshydraté, colorant : carotène, extraits de paprika et de curcuma, poudre d'_œuf_ entier, épaississants E461 - E412 - E415, amidon modifié de tapioca, poudres à lever : E450i, E500ii.","en:eggs,en:fish,en:gluten,en:milk","en:e14xx,en:e160a,en:e160c,en:e412,en:e415,en:e450,en:e450i,en:e461,en:e500,en:e500ii",2,b,674,6.3,0.6,1.4,0,13.7,1.2,0.48,https://static.openfoodfacts.org/images/products/325/798/445/2630/front_fr.8.400.jpg,https://static.openfoodfacts.org/images/products/325/798/445/2630/ingredients_fr.7.400.jpg,,,,,,,,,,,,,,,,,,,,,,,,,,,,,,,,,,,,,,,,,,,,,,,2
3492500059867,Filets colin d'Alaska meunière,800,France,"Filets de colin d'Alaska 75%. Enrobage 25% : eau, huiles végétales (tournesol, colza), farine de ble, fécule de pomme de terre, amidon modifié de mais, sel, gluten de blé, sucre, lactose et protéines de lait, erdmes, dextrose, poudre d'euf entier, persil déshydraté, colorants: carotène et extraits de paprika et de Curcuma, épaississants: E461 - E412-E415, amidon modifié de tapioca, poudres à lever: E450i - E500i. [% exprimés sur la totalité du produit.] Traces possibles de mollusques, soja, céleri.",,"en:e14xx,en:e160a,en:e412,en:e415,en:e450,en:e450i,en:e461,en:e500,en:e500i",2,b,674,6.8,0.7,1.5,0.7,12.9,1.13,0.452,https://static.openfoodfacts.org/images/products/349/250/005/9867/front_fr.8.400.jpg,https://static.openfoodfacts.org/images/products/349/250/005/9867/ingredients_fr.11.400.jpg,https://static.openfoodfacts.org/images/products/349/250/005/9867/nutrition_fr.16.400.jpg,,,,,,,,,,,,,,,,,,,,,,,,,,,,,,,,,,,,,,,,,,,,,,2
3250390025474,Cabillaud Pané,400,France,"Filets de cabillaud 70 % (_poisson_), farine de _blé_, huile végétale de tournesol, eau, amidons (pomme de terre, _blé_), sel, levure, épices (curcuma, paprika), arôme naturel.","en:fish,en:gluten",,0,b,824,8.5,1.1,1.3,0,11.7,0.6,0.24,https://static.openfoodfacts.org/images/products/325/039/002/5474/front_fr.10.400.jpg,https://static.openfoodfacts.org/images/products/325/039/002/5474/ingredients_fr.11.400.jpg,https://static.openfoodfacts.org/images/products/325/039/002/5474/nutrition_fr.12.400.jpg,,,,,,,,,,,,,,,,,,,,,,,,,,,,,,,,,,,,,,,,,,,,,,0
,,,,,,,,,,,,,,,,,,,,,,,,,,,,,,,,,,,,,,,,,,,,,,,,,,,,,,,,,,,,,,,,,
,,,,,,,,,,,,,,,,,,,,,,,,,,,,,,,,,,,,,,,,,,,,,,,,,,,,,,,,,,,,,,,,,
,,,,,,,,,,,,,,,,,,,,,,,,,,,,,,,,,,,,,,,,,,,,,,,,,,,,,,,,,,,,,,,,,
,,,,,,,,,,,,,,,,,,,,,,,,,,,,,,,,,,,,,,,,,,,,,,,,,,,,,,,,,,,,,,,,,
,,,,,,,,,,,,,,,,,,,,,,,,,,,,,,,,,,,,,,,,,,,,,,,,,,,,,,,,,,,,,,,,,1
,,,,,,,,,,,,,,,,,,,,,,,,,,,,,,,,,,,,,,,,,,,,,,,,,,,,,,,,,,,,,,,,,2
,,,,,,,,,,,,,,,,,,,,,,,,,,,,,,,,,,,,,,,,,,,,,,,,,,,,,,,,,,,,,,,,,
,,,,,,,,,,,,,,,,,,,,,,,,,,,,,,,,,,,,,,,,,,,,,,,,,,,,,,,,,,,,,,,,,
,,,,,,,,,,,,,,,,,,,,,,,,,,,,,,,,,,,,,,,,,,,,,,,,,,,,,,,,,,,,,,,,,5
,,,,,,,,,,,,,,,,,,,,,,,,,,,,,,,,,,,,,,,,,,,,,,,,,,,,,,,,,,,,,,,,,2
,,,,,,,,,,,,,,,,,,,,,,,,,,,,,,,,,,,,,,,,,,,,,,,,,,,,,,,,,,,,,,,,,0
,,,,,,,,,,,,,,,,,,,,,,,,,,,,,,,,,,,,,,,,,,,,,,,,,,,,,,,,,,,,,,,,,-1
,,,,,,,,,,,,,,,,,,,,,,,,,,,,,,,,,,,,,,,,,,,,,,,,,,,,,,,,,,,,,,,,,4
,,,,,,,,,,,,,,,,,,,,,,,,,,,,,,,,,,,,,,,,,,,,,,,,,,,,,,,,,,,,,,,,,-2
,,,,,,,,,,,,,,,,,,,,,,,,,,,,,,,,,,,,,,,,,,,,,,,,,,,,,,,,,,,,,,,,,0
,,,,,,,,,,,,,,,,,,,,,,,,,,,,,,,,,,,,,,,,,,,,,,,,,,,,,,,,,,,,,,,,,-3
,,,,,,,,,,,,,,,,,,,,,,,,,,,,,,,,,,,,,,,,,,,,,,,,,,,,,,,,,,,,,,,,,10
,,,,,,,,,,,,,,,,,,,,,,,,,,,,,,,,,,,,,,,,,,,,,,,,,,,,,,,,,,,,,,,,,13
,,,,,,,,,,,,,,,,,,,,,,,,,,,,,,,,,,,,,,,,,,,,,,,,,,,,,,,,,,,,,,,,,-1
,,,,,,,,,,,,,,,,,,,,,,,,,,,,,,,,,,,,,,,,,,,,,,,,,,,,,,,,,,,,,,,,,-1
,,,,,,,,,,,,,,,,,,,,,,,,,,,,,,,,,,,,,,,,,,,,,,,,,,,,,,,,,,,,,,,,,2
,,,,,,,,,,,,,,,,,,,,,,,,,,,,,,,,,,,,,,,,,,,,,,,,,,,,,,,,,,,,,,,,,0
,,,,,,,,,,,,,,,,,,,,,,,,,,,,,,,,,,,,,,,,,,,,,,,,,,,,,,,,,,,,,,,,,-2
,,,,,,,,,,,,,,,,,,,,,,,,,,,,,,,,,,,,,,,,,,,,,,,,,,,,,,,,,,,,,,,,,1
,,,,,,,,,,,,,,,,,,,,,,,,,,,,,,,,,,,,,,,,,,,,,,,,,,,,,,,,,,,,,,,,,2
,,,,,,,,,,,,,,,,,,,,,,,,,,,,,,,,,,,,,,,,,,,,,,,,,,,,,,,,,,,,,,,,,11
,,,,,,,,,,,,,,,,,,,,,,,,,,,,,,,,,,,,,,,,,,,,,,,,,,,,,,,,,,,,,,,,,0
,,,,,,,,,,,,,,,,,,,,,,,,,,,,,,,,,,,,,,,,,,,,,,,,,,,,,,,,,,,,,,,,,
,,,,,,,,,,,,,,,,,,,,,,,,,,,,,,,,,,,,,,,,,,,,,,,,,,,,,,,,,,,,,,,,,3
,,,,,,,,,,,,,,,,,,,,,,,,,,,,,,,,,,,,,,,,,,,,,,,,,,,,,,,,,,,,,,,,,
,,,,,,,,,,,,,,,,,,,,,,,,,,,,,,,,,,,,,,,,,,,,,,,,,,,,,,,,,,,,,,,,,-2
,,,,,,,,,,,,,,,,,,,,,,,,,,,,,,,,,,,,,,,,,,,,,,,,,,,,,,,,,,,,,,,,,-2
,,,,,,,,,,,,,,,,,,,,,,,,,,,,,,,,,,,,,,,,,,,,,,,,,,,,,,,,,,,,,,,,,0
,,,,,,,,,,,,,,,,,,,,,,,,,,,,,,,,,,,,,,,,,,,,,,,,,,,,,,,,,,,,,,,,,
,,,,,,,,,,,,,,,,,,,,,,,,,,,,,,,,,,,,,,,,,,,,,,,,,,,,,,,,,,,,,,,,,-2
,,,,,,,,,,,,,,,,,,,,,,,,,,,,,,,,,,,,,,,,,,,,,,,,,,,,,,,,,,,,,,,,,-1
,,,,,,,,,,,,,,,,,,,,,,,,,,,,,,,,,,,,,,,,,,,,,,,,,,,,,,,,,,,,,,,,,0
,,,,,,,,,,,,,,,,,,,,,,,,,,,,,,,,,,,,,,,,,,,,,,,,,,,,,,,,,,,,,,,,,0
,,,,,,,,,,,,,,,,,,,,,,,,,,,,,,,,,,,,,,,,,,,,,,,,,,,,,,,,,,,,,,,,,2
,,,,,,,,,,,,,,,,,,,,,,,,,,,,,,,,,,,,,,,,,,,,,,,,,,,,,,,,,,,,,,,,,-3
,,,,,,,,,,,,,,,,,,,,,,,,,,,,,,,,,,,,,,,,,,,,,,,,,,,,,,,,,,,,,,,,,1
,,,,,,,,,,,,,,,,,,,,,,,,,,,,,,,,,,,,,,,,,,,,,,,,,,,,,,,,,,,,,,,,,23
,,,,,,,,,,,,,,,,,,,,,,,,,,,,,,,,,,,,,,,,,,,,,,,,,,,,,,,,,,,,,,,,,-2
,,,,,,,,,,,,,,,,,,,,,,,,,,,,,,,,,,,,,,,,,,,,,,,,,,,,,,,,,,,,,,,,,-1
,,,,,,,,,,,,,,,,,,,,,,,,,,,,,,,,,,,,,,,,,,,,,,,,,,,,,,,,,,,,,,,,,1
,,,,,,,,,,,,,,,,,,,,,,,,,,,,,,,,,,,,,,,,,,,,,,,,,,,,,,,,,,,,,,,,,3
,,,,,,,,,,,,,,,,,,,,,,,,,,,,,,,,,,,,,,,,,,,,,,,,,,,,,,,,,,,,,,,,,4
,,,,,,,,,,,,,,,,,,,,,,,,,,,,,,,,,,,,,,,,,,,,,,,,,,,,,,,,,,,,,,,,,5
,,,,,,,,,,,,,,,,,,,,,,,,,,,,,,,,,,,,,,,,,,,,,,,,,,,,,,,,,,,,,,,,,19
,,,,,,,,,,,,,,,,,,,,,,,,,,,,,,,,,,,,,,,,,,,,,,,,,,,,,,,,,,,,,,,,,13
